UserScreenName,UserName,Timestamp,Text,Embedded_text,Emojis,Comments,Likes,Retweets,Image link,Tweet URL
Night King,@sig_57,2020-01-01T19:57:17.000Z,"Night King
@sig_57
Â·
Jan 1, 2020","Replying to 
@Smart2Chart
 and 
@BlackfishFinanc",,,,,[],https://twitter.com/sig_57/status/1212462818437615617
Chris,@Smart2Chart,2020-01-01T19:32:21.000Z,"Chris
@Smart2Chart
Â·
Jan 1, 2020","Replying to 
@BlackfishFinanc",ğŸ˜,2,,,[],https://twitter.com/Smart2Chart/status/1212456545511849984
Carlos Valadez (Charlie),@itscharliemar,2020-01-01T17:36:29.000Z,"Carlos Valadez (Charlie)
@itscharliemar
Â·
Jan 1, 2020","205%+ ROI, in the last month! 

$2,800 to $8,400!  Thatâ€™s right!

Another amazing screenshot of progress after becoming a member! Shoutout to Chris! 

Thatâ€™s just whatâ€™s happens when you join the leading league of traders! #MARSQUAD! 

$JPM $PINS $ZM $WMT $HD $ULTA $KHC $TSLA",ğŸ’¸ ğŸ”¥,1,4,9,['https://pbs.twimg.com/ext_tw_video_thumb/1212427328787234818/pu/img/0_o096iTYHoq2ySc.jpg'],https://twitter.com/itscharliemar/status/1212427385607458816
TonyStonk,@TheTonyStonk,2020-01-01T07:22:58.000Z,"TonyStonk
@TheTonyStonk
Â·
Jan 1, 2020","Replying to 
@BlueChipDailyTR",,,,,[],https://twitter.com/TheTonyStonk/status/1212272992329310208
Dakota Financial,@dakotafinancial,2020-01-01T05:38:36.000Z,"Dakota Financial
@dakotafinancial
Â·
Jan 1, 2020",Brokerages Set Zoom Video Communications Inc $ZM Target Price at $80.77 http://dakotafinancialnews.com/?p=1415474,,,,,[],https://twitter.com/dakotafinancial/status/1212246724007407616
mark,@MKT_Gunslinger,2020-01-01T04:09:14.000Z,"mark
@MKT_Gunslinger
Â·
Dec 31, 2019","$60k buys for #NewYearsEve #NewYears #NewYearsEve2020 Tier1:$7,500 $twlo $team +$10k $crwd . Tier2: $6,500 $pgny $rng + $zm. Tier3: $3,000-> $coup $shop $zen $plan $zs #stockmarket #stocks #wallst #wallstreet $spx $qqq $qqqq #economics #finance #intraday #chart overlayed w/ $spy",,1,,1,['https://pbs.twimg.com/media/ENKvg7EXkAAZLn-?format=jpg&name=medium'],https://twitter.com/MKT_Gunslinger/status/1212224235013386241
Bill Tai,@KiteVC,2020-01-01T01:48:22.000Z,"Bill Tai
@KiteVC
Â·
Dec 31, 2019","$ZM  Zoom (NASDAQ:ZM) CFO sees a much bigger opportunity beyond UCaaS http://cmlviz.com/2019/12/30/ZM/-zoom-cfo-sees-a-much-bigger-opportunity-beyond-ucaas.htmlâ€¦ via 
@CMLviz",,,,1,[],https://twitter.com/KiteVC/status/1212188784806117376
Bill Tai,@KiteVC,2020-01-01T01:48:22.000Z,"Bill Tai
@KiteVC
Â·
Dec 31, 2019","$ZM  Zoom (NASDAQ:ZM) CFO sees a much bigger opportunity beyond UCaaS http://cmlviz.com/2019/12/30/ZM/-zoom-cfo-sees-a-much-bigger-opportunity-beyond-ucaas.htmlâ€¦ via 
@CMLviz",,,,,[],https://twitter.com/KiteVC/status/1212188784806117376
Scott,@livetradepro,2020-01-02T23:50:37.000Z,"Scott
@livetradepro
Â·
Jan 2, 2020","View stocks that we're trading now, with higher expectations. Entry/exit signals based on technical analysis. Charts plus highlights today on these positions. $PTON $PAGS $NUGT $CHNG $GH $ZM $LK $CHWY 
Discover more. https://livetradepro.com",,,,,[],https://twitter.com/livetradepro/status/1212883928887021573
ChartMill,@ChartMill,2020-01-02T21:43:05.000Z,"ChartMill
@ChartMill
Â·
Jan 2, 2020","$PII, $BYND and $ZM identified by our stock screener as being in a weinstein stage 1 setup phase.",,,,,[],https://twitter.com/ChartMill/status/1212851834408321024
SheepWolf,@realsheepwolf,2020-01-02T20:36:00.000Z,"SheepWolf
@realsheepwolf
Â·
Jan 2, 2020","$VERB DISRUPTIVE TECH TRADING AT 5 YEAR LOWS!
BUSINESS IS BOOMING!
PATENT PENDING TECH-RIVALS $ZM AND HUGE BIG TECH INTEGRATIONS
OVER 800k MEMBERS WITH RECURRING REVENUE AND BACKLOG

$AUPH $KODK $SAVA $FCEL $SIRI $OBLN $FB $MIRM $MCD $CLSD $ONTX $CYCN $THMO $CLSD $RAD $SUNW",ğŸ’« ğŸ’« ğŸ’« ğŸ’«,,7,7,['https://pbs.twimg.com/media/EL65pJ2W4AEpERR.jpg'],https://twitter.com/realsheepwolf/status/1212834950489100288
SheepWolf,@realsheepwolf,2020-01-02T20:00:00.000Z,"SheepWolf
@realsheepwolf
Â·
Jan 2, 2020","$VERB THIS IS WHERE ""REAL"" MONEY IS MADE-BUYING BOTTOMS 
BUYING 5 YEAR LOWS 
PATENT PENDING-DISRUPTIVE TECH THAT RIVALS $ZM AND HUGE BIG TECH INTEGRATIONS 
OVER 800K MEMBERS 

$AUPH $ACAD $PTI $DFFN $DLTH $CRM $SEAC $AAPL $GENE $EYEG $JNCE $GE $BABA $SFET $VERU $ECA $ACB",ğŸ’« ğŸ’« ğŸ’« ğŸ’«,4,5,6,['https://pbs.twimg.com/media/EMD_iPxWwAAi1Ik.jpg'],https://twitter.com/realsheepwolf/status/1212825892159930374
Michael Batts,@mchlbtts,2020-01-03T23:48:34.000Z,"Michael Batts
@mchlbtts
Â·
Jan 3, 2020","#RT 
@InteractiveVid2
: RT 
@UHDTrader
: $VERB - Cup & Handle Formation In Effect as Handle is now being formed on the 20day 1hr chart!  Exponential Gains Coming#partnerships w/ $CRM $MSFT $ADBE $ORCL $IT $SHOP #Odoo. New Tech makes $ZM obsolete $PACD â€¦",ğŸ”œ ğŸ’£,2,2,3,[],https://twitter.com/mchlbtts/status/1213245798961614849
mark,@MKT_Gunslinger,2020-01-03T21:45:41.000Z,"mark
@MKT_Gunslinger
Â·
Jan 3, 2020",$plan $team $spy $twlo $crwd $zen $rng $pgny $shop $coup $zm $zs 3 month returns and today's returns overlapped. #charts #stockchart #saas #wallstreet #econ #economics #stockmarket  #money #business,,,,,[],https://twitter.com/MKT_Gunslinger/status/1213214876010786816
Chris Perruna,@cperruna,2020-01-03T21:27:55.000Z,"Chris Perruna
@cperruna
Â·
Jan 3, 2020","Stocks to Watch 2020

Performance for week of Jan 3rd:

$STNE
$OKTA
$ROKU
$ZM
$LVGO
$WORK
$SQ
$CGC
$CRWD
$TCEHY
$PYPL
$MDB
$SNAP
$SHOP
$SE",,4,20,72,[],https://twitter.com/cperruna/status/1213210405176324096
SheepWolf,@realsheepwolf,2020-01-03T19:45:00.000Z,"SheepWolf
@realsheepwolf
Â·
Jan 3, 2020","$VERB DISRUPTIVE TECH TRADING AT 5 YEAR LOWS!
BUSINESS IS BOOMING!
PATENT PENDING TECH-RIVALS $ZM AND HUGE BIG TECH INTEGRATIONS
OVER 800k MEMBERS WITH RECURRING REVENUE AND BACKLOG

$AUPH $KODK $SAVA $FCEL $SIRI $OBLN $FB $MIRM $MCD $CLSD $ONTX $CYCN $THMO $CLSD $RAD $SUNW",ğŸ’« ğŸ’« ğŸ’« ğŸ’«,1,6,5,['https://pbs.twimg.com/media/EJpw9gUWkAAUbYs.jpg'],https://twitter.com/realsheepwolf/status/1213184503759261696
R/A Research Alliance,@rsrch_alliance,2020-01-04T22:05:03.000Z,"R/A Research Alliance
@rsrch_alliance
Â·
Jan 4, 2020","@SummitInsights
: $ZM growth is not sustainable",,,,,[],https://twitter.com/rsrch_alliance/status/1213582137821147141
Dan Haurey,@dhaurey,2020-01-04T21:28:16.000Z,"Dan Haurey
@dhaurey
Â·
Jan 4, 2020","@jimcramer
 MICROSOFT office 365 does what $ZM does, and with most people adopting Office 365, this doesnâ€™t bode well for Zoom",,,,,[],https://twitter.com/dhaurey/status/1213572881772371970
Matias Barbero,@matiasbarbero13,2020-01-04T21:02:33.000Z,"Matias Barbero
@matiasbarbero13
Â·
Jan 4, 2020","Of the 10 largest unicorns that IPOâ€™d in 2019, only three - Zoom, Peloton, and Luckin Coffee - had positive returns at the end of the year, and only one of them - Zoom - is profitable. 

$UBER, $LYFT, $WORK, $PINS, $ZM, $SDC, $PTON, $CRWD, $LK, $NET",,1,3,2,[],https://twitter.com/matiasbarbero13/status/1213566407977439241
Philip Calrissian,@Trading_Sunset,2020-01-04T20:34:11.000Z,"Philip Calrissian
@Trading_Sunset
Â·
Jan 4, 2020","The speculative list

Tier 1: $UAL $LK $BABA $SQ $PAAS
Tier 2: $DAL $ROKU $JD $RIG $CDE
Tier 3: $AAL $FCX $TWTR $AMRN $WPM
Tier 4: $JBLU $TECK $EA $ZM $AG
Tier 5: $SAVE $SCCO $ATVI $SPCE $HL

Outlook for 2020 @ https://permabeardoomster.blogspot.com",,2,2,18,[],https://twitter.com/Trading_Sunset/status/1213559271897600002
Purnha,@PurnhaInvest,2020-01-05T22:21:39.000Z,"Purnha
@PurnhaInvest
Â·
Jan 5, 2020","Stocks for the week of 6/1/2020

Longs
$GOOG
$FB
$MPW
$LITE
$HUBS
$GLUU
$SONO
$MHO
$FN
$HHR
$VIPS
$ACIW
$DOCU
$ON
$FCN
$SAFE
$NSIT
$SPLK
$ANGI
$EPAM

Shorts
$COST
$WMT
$ZM
$REV
$HA
$TRUP
$HRI
$DOOR
$STMP
$PLXS
$APPN
$HOG
$SJM
$DD
$KKR
$GO
$PEP
$GOOS
$MIDD
$OLLI

DM for perf nos.",,,,,[],https://twitter.com/PurnhaInvest/status/1213948704828166145
Thomas_Capone,@Thomas_Capone,2020-01-05T20:19:36.000Z,"Thomas_Capone
@Thomas_Capone
Â·
Jan 5, 2020","If You Invested $10,000 in Zoom's IPO, This Is How Much Money You'd Have Now 
@themotleyfool
 #stocks $ZM $CSCO",,,,,[],https://twitter.com/Thomas_Capone/status/1213917986698006529
UHD,@UHDTrader,2020-01-05T17:32:27.000Z,"UHD
@UHDTrader
Â·
Jan 5, 2020","$VERB Daily & Weekly Charts show Exponential Run in Progress 
@VerbTech_Co
 w/ #Live #interactive #webcasts making @zoom_us $ZM #Obsolete!  #PatentPending! #Partnerships w/ 
@Microsoft
 $MSFT 
@Adobe
 $ADBE 
@salesforce
 $CRM 
@Oracle
 $CRM 
@Shopify
 $SHOP 
@Gartner_inc
 $IT #Techfest2020",ğŸ“ˆ ğŸ“ˆ,,12,16,[],https://twitter.com/UHDTrader/status/1213875921767292928
Scott,@livetradepro,2020-01-06T23:30:58.000Z,"Scott
@livetradepro
Â·
Jan 6, 2020",Here's the list of alerted prices (with dates) on most positions. i.e. $CRWD $ZM $SPOT $PTON $NTNX and much more,,,,1,[],https://twitter.com/livetradepro/status/1214328532941361153
George Jiang,@bonojzk,2020-01-06T23:25:27.000Z,"George Jiang
@bonojzk
Â·
Jan 6, 2020","Replying to 
@saxena_puru",ğŸ¥‘ ğŸ•¶,,,1,[],https://twitter.com/bonojzk/status/1214327147273347072
Jim,@jennesscapital,2020-01-06T23:03:20.000Z,"Jim
@jennesscapital
Â·
Jan 6, 2020",$SPLK 20d tap and go. $ZM similar (in regards to 20d tap),,,,6,[],https://twitter.com/jennesscapital/status/1214321580307812352
SwingTradeBot,@SwingTradeBot,2020-01-06T22:39:27.000Z,"SwingTradeBot
@SwingTradeBot
Â·
Jan 6, 2020",Scan results - Crossed Above 50 DMA today: $HABT $SDC $CRWD $WW $TENB $PCH $GD $ZM $GIS $QLYS $IPGP $SF $PSA $GILD $LH $IIPR $PEP $HCSG $TPX $PS ...,,,,1,[],https://twitter.com/SwingTradeBot/status/1214315570147053569
Tuan Pham,@15minofPham,2020-01-07T23:40:14.000Z,"Tuan Pham
@15minofPham
Â·
Jan 7, 2020","Tues (1/7/20) Options highest ORB, Up/Avg Gain of today's thirteen 30-min bars, G/L % in final 30-Min (Min $10 & Vol 1M, Opt Price $0.76-$1.00 & Vol 500-1000 in any strike): $BYND $WDC $TCOM $CAG $AMAT $PTON $AVLR $MU $NVCR $ANF $ZM $LRCX $AMRN $STZ",,,,,[],https://twitter.com/15minofPham/status/1214693253145976832
Tuan Pham,@15minofPham,2020-01-07T23:23:35.000Z,"Tuan Pham
@15minofPham
Â·
Jan 7, 2020","Tues (1/7/20) Options highest ORB, Up/Avg Gain of today's thirteen 30-min bars, G/L % in final 30-Min (Min $10 & Vol 1M, Opt Price $0.51-$0.75 & Vol 500-1000 in any strike): $EXEL $BYND $AMRN $AMAT $ZM $CRM $TSLA $WDC $HAL $RUBI $PEP $LYFT $TSM $LX",,,,,[],https://twitter.com/15minofPham/status/1214689065796132864
TechWins,@techwins,2020-01-07T23:16:45.000Z,"TechWins
@techwins
Â·
Jan 7, 2020","Replying to 
@ntfri
 and 
@LessIsMor3",,,,2,[],https://twitter.com/techwins/status/1214687343921156096
TechWins,@techwins,2020-01-07T23:12:12.000Z,"TechWins
@techwins
Â·
Jan 7, 2020","Replying to 
@tev1903
 @LessIsMor3
 and 
@ntfri",,2,,2,[],https://twitter.com/techwins/status/1214686201057144833
Jodie Insights,@jodietheai,2020-01-08T23:45:07.000Z,"Jodie Insights
@jodietheai
Â·
Jan 8, 2020","Roy Benhorin, Chief Accounting Officer of ZOOM VIDEO COMMUNICATIONS, INC. - $ZM decreased their shareholding by 8% to now own a total of 348694 shares

https://jodie.ai/shareholder/1773302â€¦",,,,1,[],https://twitter.com/jodietheai/status/1215056871377264641
Jodie Insights,@jodietheai,2020-01-08T23:45:06.000Z,"Jodie Insights
@jodietheai
Â·
Jan 8, 2020","Janine Pelosi, Chief Marketing Officer of ZOOM VIDEO COMMUNICATIONS, INC. - $ZM decreased their shareholding by 2% to now own a total of 275654 shares

https://jodie.ai/shareholder/1773299â€¦",,,,1,[],https://twitter.com/jodietheai/status/1215056869376561153
Fintel,@fintel_io,2020-01-08T23:43:36.000Z,"Fintel
@fintel_io
Â·
Jan 8, 2020","Insider Benhorin Roy reports selling 32,000 shares of $ZM for a total cost of $2,240,086.40",,,,,[],https://twitter.com/fintel_io/status/1215056490983235584
David Lerner,@EXstrategy,2020-01-08T23:08:56.000Z,"David Lerner
@EXstrategy
Â·
Jan 8, 2020","$ZM Ghosn Vs. Japan Inc. Says Just Invest In The USA, Presser Confirmed Zoom Video Is A Buy",,,,1,[],https://twitter.com/EXstrategy/status/1215047764578570245
Ripster,@ripster47,2020-01-08T22:56:10.000Z,"Ripster
@ripster47
Â·
Jan 8, 2020","Daily Wrap

Traded + Alerts
$AYX (Jan 8 Swing) 110-->117 Feb 20 120c +65%
$DOCU (Swing) 76.50-76.20 
 -5% on Feb 20 80c --Active
 -1% Jan 17 77.5c  -- Active

Other Ideas
$WBA Levels: 56 Breakdown idea failed. PM Break and sideways action
$ZM Swing 71-->73 

*All Timestamped",,1,1,23,[],https://twitter.com/ripster47/status/1215044554585448448
Brian,@optionstrades1,2020-01-08T22:13:36.000Z,"Brian
@optionstrades1
Â·
Jan 8, 2020","$ZM Closed out an options swing trade from Monday today for 60% profit. Small position, but great gain.",,,,,[],https://twitter.com/optionstrades1/status/1215033839590027264
Scott,@livetradepro,2020-01-08T21:46:19.000Z,"Scott
@livetradepro
Â·
Jan 8, 2020","Here's a great layout of bullish candlestick patterns provided by TrendSpider!

$ZM 3 White Soldiers TODAY! 

Learn more about ""TrendSpider""  https://trendspider.com/?_go=livetpro 

Then please go to my website http://livetradepro.com for information on discounts!",,,,5,[],https://twitter.com/livetradepro/status/1215026975850606592
Flash Alert,@FlashAlert_me,2020-01-08T21:40:16.000Z,"Flash Alert
@FlashAlert_me
Â·
Jan 8, 2020","$ZM filed SEC form 4: 10% Owner Emergence Capital Partners III, L.P.: 
Disposed 1,625,000 of Class A Common Stock at average price $0 and Acquired 1,625,000 of Class A Common Stock at average price $0 on 2020-01-06, holding 0 shares  https://s.flashalert.me/ouD74",,,,,[],https://twitter.com/FlashAlert_me/status/1215025454043877376
Mega World Order shape shifting pajama trader,@smiths117,2020-01-08T20:45:50.000Z,"Mega World Order shape shifting pajama trader
@smiths117
Â·
Jan 8, 2020",josh come on push $zm again want to scalp this bad boy,,,,,[],https://twitter.com/smiths117/status/1215011753047797763
Jim,@JJMStocks,2020-01-08T20:42:40.000Z,"Jim
@JJMStocks
Â·
Jan 8, 2020","12/3 Results

Buy

$CRM 11.3%
$ZS 2.5%
$CLDR 12.3%
$ZM (3.5%)
$BLK 3%

BUY: 5.1%

Hold

$WDAY 5.5% - Down from $220 since 7/19
$FIVE (1%)
$WORK 8.3% - Up 14% since 12/11/19
$ULTA flat
$DOCU 1%
$DG (1%)
$OKTA 7.5% - Overvalued
$CRWD 8% - Broke out Dec 9th, up 12% since

HOLD: 3.5%",âœ–,1,2,5,[],https://twitter.com/JJMStocks/status/1215010957971210240
Steven Rabin,@SteveRtrader,2020-01-09T22:45:26.000Z,"Steven Rabin
@SteveRtrader
Â·
Jan 9, 2020",Today $ZM opened on the midline (to the cent) and that held as its high. Often the framework geometry perfectly contains the price.,,,,,[],https://twitter.com/SteveRtrader/status/1215404238823657472
SheepWolf,@realsheepwolf,2020-01-09T20:33:00.000Z,"SheepWolf
@realsheepwolf
Â·
Jan 9, 2020","$VERB HUGE WEALTH BUILDING OPPORTUNITY
52 WK RANGE .76 - $18.71 MASSIVE UPSIDE
O/S=25m
PATENT PENDING TECH THAT RIVALS $ZM AND HUGE BIG TECH INTEGRATIONS
OVER 900K MEMBERS WITH RECURRING REVENUE AND BACKLOG

$FCEL $SAVA $INPX $CEMI $PULM $DPW $SES $TSLA $NIO $ACHV $GLBS",ğŸ’« ğŸ’« ğŸ’« ğŸ’« ğŸ’«,,4,5,['https://pbs.twimg.com/media/EKYB9l3XYAA6-Zz.jpg'],https://twitter.com/realsheepwolf/status/1215370910833815554
sleekOptions,@sleekoptions,2020-01-09T20:27:54.000Z,"sleekOptions
@sleekoptions
Â·
Jan 9, 2020",$ZM Was up 2.00 %. Turned negative -0.21 % | (Green to red move) https://sleekoptions.com/sleekscan.aspx?did=ZMâ€¦,,,,1,[],https://twitter.com/sleekoptions/status/1215369627762667525
todd120proof,@todd120proof,2020-01-09T19:30:25.000Z,"todd120proof
@todd120proof
Â·
Jan 9, 2020","Sold $AA at a 3% loss. Didnâ€™t get  the China trade deal bump I wanted.

Adding to $ZM, $UBER, $LYFT.",,,,1,[],https://twitter.com/todd120proof/status/1215355164158320642
StocksGator,@StocksGator,2020-01-09T18:57:56.000Z,"StocksGator
@StocksGator
Â·
Jan 9, 2020","$ZM today named Best Buy Now by Tom Gardner,  Motley Fool Stock Advisor. I bought today on the recommendation.",,,,1,[],https://twitter.com/StocksGator/status/1215346986808942592
Chris Perruna,@cperruna,2020-01-10T21:51:41.000Z,"Chris Perruna
@cperruna
Â·
Jan 10, 2020","Stocks to Watch 2020 weekly performance

$CRWD $MDB $OKTA $ZM $SQ $LVGO big winners.

$TCEHY with new 52-week high

http://chrisperruna.com/2020/01/05/stocks-to-watch-2020-final/â€¦",,5,10,57,[],https://twitter.com/cperruna/status/1215753099660402688
mark,@MKT_Gunslinger,2020-01-10T19:02:35.000Z,"mark
@MKT_Gunslinger
Â·
Jan 10, 2020","#growth #stocks #NewYear2020 back at all time high's after this run since #November w/ $inmd to kick it off. $crwd $pgny $twlo $zs $coup all above 10% gains since buying JAN2. ""worst"" performer $zen 4.81% and $zm $7.58. Got the rest of my $spy $spx #portfolio unwound just in time",,,,2,[],https://twitter.com/MKT_Gunslinger/status/1215710544361066497
SheepWolf,@realsheepwolf,2020-01-10T19:00:00.000Z,"SheepWolf
@realsheepwolf
Â·
Jan 10, 2020","$VERB ZACK'S STRONG BUY--RISING OFF 5 YEAR LOWS
NOW OVER 937K MEMBERS
SERIES OF NEW FEATURES COMING
LOOK FOR EXECUTION ON PARTNERSHIPS WITH #MICROSOFT, #SALESFORCE AND OTHERS
INTERACTIVE ZOOM $ZM KILLER COMING
NEW REVENUE STREAMS

$CPAH $SRNE $ACRS $HSDT $AQST",ğŸ’« â­ â­ â­ â­ â­ ğŸ’µ ğŸ’µ ğŸ’µ ğŸ’µ,,1,2,['https://pbs.twimg.com/media/EJrVpDfX0AATwJ7.jpg'],https://twitter.com/realsheepwolf/status/1215709896647245824
SheepWolf,@realsheepwolf,2020-01-10T18:17:00.000Z,"SheepWolf
@realsheepwolf
Â·
Jan 10, 2020","$VERB ZACK'S STRONG BUY--RISING OFF 5 YEAR LOWS
PATENTED ZOOM ( $ZM) KILLER COMING
LIVE STREAMING VIDEO + INTERACTIVITY 
$ZM MC=$20B $LOGM MC=$3.75B $FB MC=$567B 
 $VERB MC=$40m 

$CRM $ADBE $MSFT $SAVA $JAN $SVRA $TRMD $PIXY $CLVS $AMTD $ORCL $CVSI $PTI $SFET $XCUR $SIRI",ğŸ’« â­ â­ ğŸ,,1,,['https://pbs.twimg.com/media/ENlz1g9XYAE9bTy.jpg'],https://twitter.com/realsheepwolf/status/1215699073019338758
apppro,@apppro1,2020-01-10T17:18:16.000Z,"apppro
@apppro1
Â·
Jan 10, 2020",and while this is ajust 1 example because i had it up BUT $ZM was fine until 12:00 pm. Machines do listen to your.....,,,,,[],https://twitter.com/apppro1/status/1215684294171144192
PSK2329 - JHC,@psk2329,2020-01-11T21:12:27.000Z,"PSK2329 - JHC
@psk2329
Â·
Jan 11, 2020","Other charts setup/setting up long: $ADBE $ADSK $AXP $PAYC $PLAN $PYPL $ROST $SBUX $SPLK $TEAM $TWLO $TMO $UBER $WDAY $YY $ZM $ZS

short: $AAP $AZO $AVGO $PEP $WMT $CMI",,1,3,8,[],https://twitter.com/psk2329/status/1216105613824008193
Chameleon,@MarketChmln,2020-01-11T20:11:14.000Z,"Chameleon
@MarketChmln
Â·
Jan 11, 2020",$ZM Open Interest increases 23.2% on the week to a percentile rank of 83%. Put OI increased by 20.3% vs Call OI of 25.1%.  P/C Ratio is 0.6 https://marketchameleon.com/Overview/ZM/OpenInterestTrends/â€¦,ğŸ¦,,,,[],https://twitter.com/MarketChmln/status/1216090211517640704
Geert Vuylsteke,@VuylstekeGeert,2020-01-11T17:55:40.000Z,"Geert Vuylsteke
@VuylstekeGeert
Â·
Jan 11, 2020","UC Trends 2020 - Industry Analysis from Zoom's CEO https://youtu.be/51g8lxEs5r0 via 
@YouTube
 $ZM",,,,,[],https://twitter.com/VuylstekeGeert/status/1216056094746914818
Ripster,@ripster47,2020-01-11T16:38:12.000Z,"Ripster
@ripster47
Â·
Jan 11, 2020","Needham 22nd Annual Growth Conference 2020 (Jan 14-15)
Scheduled to appear: $OKTA, $DDOG, $DOCU, $COUP, $OLED, $ZM, $ZS, $AVLR, $AYX, $NTNX,  $SMAR $MDB
Keep an eye out as companies present to get more investors.
Personally looking at $DOCU $ZM & $ZS , $DDOG is interesting too",,,5,23,[],https://twitter.com/ripster47/status/1216036598015496192
Ticker Report,@TickerReport,2020-01-11T09:50:47.000Z,"Ticker Report
@TickerReport
Â·
Jan 11, 2020","Zoom Video Communications Inc $ZM Director Sells $218,750.00 in Stock http://tickerreport.com/?p=4946332",,,,,[],https://twitter.com/TickerReport/status/1215934067771879424
SheepWolf,@realsheepwolf,2020-01-12T23:09:04.000Z,"SheepWolf
@realsheepwolf
Â·
Jan 12, 2020","$VERB ZACK'S STRONG BUY-RISING OFF 5 YEAR LOWS
NOW OVER 937K MEMBERS
SERIES OF NEW FEATURES COMING
LOOK FOR EXECUTION ON PARTNERSHIPS WITH #MICROSOFT,#SALESFORCE AND OTHERS
INTERACTIVE ZOOM $ZM KILLER COMING
NEW REVENUE STREAMS

$CPAH $SRNE $ACRS $HSDT $AQST $SAVA $CYCN",ğŸ’« â­ â­ â­ â­ â­,,3,7,['https://pbs.twimg.com/media/EJrVpDfX0AATwJ7.jpg'],https://twitter.com/realsheepwolf/status/1216497352384700416
Blazing Saddles,@frankblaze,2020-01-12T18:53:35.000Z,"Blazing Saddles
@frankblaze
Â·
Jan 12, 2020","Replying to 
@BlackfishFinanc
 and 
@JMVala_Trades",,,,2,[],https://twitter.com/frankblaze/status/1216433056652771328
Scott,@livetradepro,2020-01-13T22:47:23.000Z,"Scott
@livetradepro
Â·
Jan 13, 2020","View stocks that we're trading now, with higher expectations. Entry/exit signals based on technical analysis. Charts plus highlights today on these positions. $CGC $INMD $LK $SQ $OKTA $NTNX $PAGS $CRWD $ZM 
Discover more. https://livetradepro.com",,,,4,[],https://twitter.com/livetradepro/status/1216854282407944192
SwingTradeBot,@SwingTradeBot,2020-01-13T22:36:42.000Z,"SwingTradeBot
@SwingTradeBot
Â·
Jan 13, 2020",Scan results - Shooting Star Candlestick today: $TSLA $DDOG $CREE $ALEX $LVGO $ZM $CBRL $HIIQ $TREX $MXL $R $PSTG $EXC $QCOM $NUS $MMM $QIWI $DESP $PAGS ...,,,,,[],https://twitter.com/SwingTradeBot/status/1216851595109027847
Candlestick_stats,@dailycandlestix,2020-01-13T22:10:41.000Z,"Candlestick_stats
@dailycandlestix
Â·
Jan 13, 2020","$ZM Inverted Hammer
Daily appearances since 2020-01-02: 5
Next Day Close:
Avg: -3.95
Worst: -14.62
Best: 0.98 

3 days later:
Avg: -4.33
Worst: -15.31
Best: 2.92 

5 days later:
Avg: -5.08
Worst: -14.32
Best: 1.90",,,,,[],https://twitter.com/dailycandlestix/status/1216845046403649537
Jeff Richards,@jrichlive,2020-01-13T21:52:55.000Z,"Jeff Richards
@jrichlive
Â·
Jan 13, 2020","Fall dip in enterprise / SaaS followed by major bounce:

$SHOP $295 (11/6) -> $440 (current) / +49%

$TWLO $91 (11/7) -> $120 / +31%

$SPLK $110 (10/22) -> $156 / +41%

$ZM $62 (10/22) -> $74 / +19%

$OKTA $98 (10/18) -> $131 / +33%

$DDOG $28 (10/22) -> $41 / +46%

  ",ğŸš€ ğŸš€ ğŸš€,4,15,104,[],https://twitter.com/jrichlive/status/1216840573711028225
SheepWolf,@realsheepwolf,2020-01-13T20:26:00.000Z,"SheepWolf
@realsheepwolf
Â·
Jan 13, 2020","$VERB THIS IS WHERE ""REAL"" MONEY IS MADE-BUYING BOTTOMS 
BUYING 5 YEAR LOWS 
PATENT PENDING-DISRUPTIVE TECH THAT RIVALS $ZM AND HUGE BIG TECH INTEGRATIONS 
OVER 800K MEMBERS 

$INPX $ACAD $PTI $DFFN $DLTH $CRM $SAVA $AAPL $GENE $EYEG $DPW $GE $BABA $SFET $VERU $ECA $ACB $JD",ğŸ’« ğŸ’« ğŸ’« ğŸ’«,1,4,4,['https://pbs.twimg.com/media/ELr-FVNXsAAXbbq.jpg'],https://twitter.com/realsheepwolf/status/1216818700428378112
Scott,@livetradepro,2020-01-14T22:56:29.000Z,"Scott
@livetradepro
Â·
Jan 14, 2020","View stocks that we're trading now, with higher expectations. Entry/exit signals based on technical analysis. Charts plus highlights today on these positions. $SHAK $LABU $CGC $INMD $LK $OKTA $NTNX $PAGS $CHNG $CRWD $ZM 
Discover more. https://livetradepro.com",,,,1,[],https://twitter.com/livetradepro/status/1217218959197470721
SwingTradeBot,@SwingTradeBot,2020-01-14T22:34:58.000Z,"SwingTradeBot
@SwingTradeBot
Â·
Jan 14, 2020",Scan results - Bearish Engulfing today: $CRTO $DT $MA $IVR $CG $PAYC $ICE $INMD $HTA $SAFM $PGRE $GWRE $TREX $MDLZ $EQIX $DDOG $GPN $ZM $EC $OKTA ...,,,,,[],https://twitter.com/SwingTradeBot/status/1217213545219346433
SheepWolf,@realsheepwolf,2020-01-14T19:45:00.000Z,"SheepWolf
@realsheepwolf
Â·
Jan 14, 2020","$VERB WEALTH BUILDER--ULTIMATE BUY LOW OPPORTUNITY-OVERSOLD 5 YEAR LOWS
O/S=25m
PATENT PENDING TECH THAT RIVALS $ZM AND HUGE BIG TECH INTEGRATIONS 
OVER 900,000 MEMBERS WITH RECURRING REVENUE AND BACKLOG

$FCEL $GE $ORCL $CRM $QCOM $AAPL $CVSI $SAVA  $PLUG $ARAV $PIXY $BOLD",ğŸ’« ğŸ’« ğŸ’« ğŸ’«,,2,2,['https://pbs.twimg.com/amplify_video_thumb/1205091609643274240/img/1p-AIw5ZQwtduZgb.jpg'],https://twitter.com/realsheepwolf/status/1217170770419314688
SheepWolf,@realsheepwolf,2020-01-14T19:00:00.000Z,"SheepWolf
@realsheepwolf
Â·
Jan 14, 2020","$VERB CEO Provides 2019 Business Recap and Outlines Plans for 2020 | NASDAQ
NOW OVER 937K MEMBERS 
SERIES OF NEW FEATURES COMING
LOOK FOR EXECUTION ON PARTNERSHIPS WITH #MICROSOFT, #SALESFORCE AND OTHERS
INTERACTIVE ZOOM $ZM KILLER COMING
NEW REVENUE STREAMS",ğŸ’« â­ â­ â­ â­ â­ ğŸ’µ ğŸ’µ ğŸ’µ ğŸ’µ,,2,4,[],https://twitter.com/realsheepwolf/status/1217159446155055104
SheepWolf,@realsheepwolf,2020-01-14T17:03:00.000Z,"SheepWolf
@realsheepwolf
Â·
Jan 14, 2020","$VERB ZACK'S STRONG BUY-RISING OFF 5 YEAR LOWS
NOW OVER 937K MEMBERS
SERIES OF NEW FEATURES COMING
LOOK FOR EXECUTION ON PARTNERSHIPS WITH #MICROSOFT,#SALESFORCE AND OTHERS
INTERACTIVE ZOOM $ZM KILLER COMING
NEW REVENUE STREAMS

$CPAH $SRNE $ACRS $HSDT $AQST $SAVA $CYCN",ğŸ’« â­ â­ â­ â­ â­,,5,4,['https://pbs.twimg.com/media/EMJaMVLW4AErM-G.jpg'],https://twitter.com/realsheepwolf/status/1217130002053050368
Scott,@livetradepro,2020-01-15T22:44:56.000Z,"Scott
@livetradepro
Â·
Jan 15, 2020","View stocks that we're trading now, with higher expectations. Entry/exit signals based on technical analysis. Charts plus highlights today on these positions. $NVTA $NUGT $SHAK $LABU $CGC $LK $OKTA $NTNX $PAGS $CHNG $CRWD $ZM 
Discover more. https://livetradepro.com",,,,6,[],https://twitter.com/livetradepro/status/1217578441756807169
Brad Schulz,@Brad_E_Schulz,2020-01-15T21:52:38.000Z,"Brad Schulz
@Brad_E_Schulz
Â·
Jan 15, 2020","(3 of 4)
Healthcare: +0.53%; 27 of 49 Up (>=4%: $XAIR $SGRY $FLGT $AVTR)
Software: +0.52%; 37 of 53 Up (>=4%: $OCFT $ZM)
Electronics: +0.44%; 11 of 20 Up
China: +0.16%; 11 of 25 Up (>=4%: $NIO $ZLAB)
Finan/Insur: +0.02%; 10 of 20 Up
Telecom: -0.21%; 10 of 19 Up (>=4%: $INSG)",,1,,2,[],https://twitter.com/Brad_E_Schulz/status/1217565280949243906
Scott,@livetradepro,2020-01-15T21:48:13.000Z,"Scott
@livetradepro
Â·
Jan 15, 2020",$ZM Rebound has just turned into a potential breakout stock! Some patience starting to pay off nicely for us on this one now.,,1,,3,[],https://twitter.com/livetradepro/status/1217564166011203584
Constatrades,@Constatrades,2020-01-15T21:39:18.000Z,"Constatrades
@Constatrades
Â·
Jan 15, 2020","1/16 Recap: 

Weird day considering Trade deal was signed. Figured it would be a sell the news event. Other news like impeachment and PPI weighed in I think

$UNH 302.5c 180%
$MCD 212.5c swing 200%+

Fails: 40-50% stops
$BIDU 145c 
$NFLX 350c
$ULTA 290c

Swing: $ZM $SQ $ALGN $GS",,,,2,[],https://twitter.com/Constatrades/status/1217561924323479555
Scott,@livetradepro,2020-01-16T22:15:00.000Z,"Scott
@livetradepro
Â·
Jan 16, 2020","View stocks that we're trading now, with higher expectations. Entry/exit signals based on technical analysis. Charts plus highlights today on these positions. $NVTA $INMD $SHAK $LABU $CGC $LK $NTNX $CHNG $CRWD $ZM 
Discover more. https://livetradepro.com",,,,,[],https://twitter.com/livetradepro/status/1217933297428369409
Jim,@jennesscapital,2020-01-16T22:14:35.000Z,"Jim
@jennesscapital
Â·
Jan 16, 2020","Now that mkt ripped and some things got extended, I switch back to a stock by stock oppty basis on select leaders and let them come to me if it's in my plan. $TSLA and $ZM today are examples of that approach for those interested.",,1,,5,[],https://twitter.com/jennesscapital/status/1217933190792450050
Constatrades,@Constatrades,2020-01-16T21:13:09.000Z,"Constatrades
@Constatrades
Â·
Jan 16, 2020","1/16: Recap. 

Slow melt up today and was not active besides closing some o/n lottos 

$PRGO 60c 300%+
$ALGN 290c 500%

Fails: $SHAK $ZM $BIDU no follow though. 

Will probably stay cash till next week Tuesday unless something sets up nicely. Have a feeling there wonâ€™t be buyers",,,,1,[],https://twitter.com/Constatrades/status/1217917731950989312
apppro,@apppro1,2020-01-16T21:10:43.000Z,"apppro
@apppro1
Â·
Jan 16, 2020","Whatsapp - $FB 
@Facebook
-owned messaging service will focus on helping businesses connect with customers https://wsj.com/articles/whatsapp-backs-off-controversial-plan-to-sell-ads-11579207682â€¦ via 
@WSJ
 

And BUY @zoom_us $ZM

#FacebookPortal plus Zoom - nice combo",,,,,[],https://twitter.com/apppro1/status/1217917120530526213
sleekOptions,@sleekoptions,2020-01-17T23:37:38.000Z,"sleekOptions
@sleekoptions
Â·
Jan 17, 2020",$ZM Was up 1.04 %. Turned negative -0.59 % | (Green to red move) https://sleekoptions.com/sleekscan.aspx?did=ZMâ€¦,,,,,[],https://twitter.com/sleekoptions/status/1218316480305037312
Reverse_Short,@Reverse_Short,2020-01-17T23:34:55.000Z,"Reverse_Short
@Reverse_Short
Â·
Jan 17, 2020",Could also be a bearish weekly set up on a long term positive set up. Like $ZM today. I own the the stock but took a 10x short position at $72 exp 24Th for .25. Chart looks ready for a $3 pull back. Zigzag reversal avg move $3. Sell puts for .5 and put my total,,1,,,[],https://twitter.com/Reverse_Short/status/1218315794163097600
SheepWolf,@realsheepwolf,2020-01-17T20:30:00.000Z,"SheepWolf
@realsheepwolf
Â·
Jan 17, 2020","$VERB WEALTH BUILDER--ULTIMATE BUY LOW OPPORTUNITY-OVERSOLD 5 YEAR LOWS
O/S=25m
PATENT PENDING TECH THAT RIVALS $ZM AND HUGE BIG TECH INTEGRATIONS 
OVER 900,000 MEMBERS WITH RECURRING REVENUE AND BACKLOG

$FCEL $GE $ORCL $CRM $QCOM $AAPL $CVSI $SAVA  $PLUG $ARAV $PIXY $BOLD",ğŸ’« ğŸ’« ğŸ’« ğŸ’«,,3,5,['https://pbs.twimg.com/media/ENlz1g9XYAE9bTy.jpg'],https://twitter.com/realsheepwolf/status/1218269258737704961
SheepWolf,@realsheepwolf,2020-01-17T19:45:00.000Z,"SheepWolf
@realsheepwolf
Â·
Jan 17, 2020","$VERB 2020
EXPANSION INTO OTHER BUSINESS SECTORS
WORLD'S 1ST ""LIVE"" INTERACTIVE VIDEO WEBINAR PLATFORM
#MICROSOFT AND #SALESFORCE INTEGRATION UPGRADES
937,000 USER BASE AND GROWING GLOBALLY

$SAVA $CEI $CYCN $CRM $ADBE $MSFT $AAPL $GENE $DPW $ORCL $ZM $RAD $SIRI $OPGN",ğŸ’« ğŸ’« ğŸ’« ğŸ’« ğŸ’«,,1,2,[],https://twitter.com/realsheepwolf/status/1218257934272094208
SheepWolf,@realsheepwolf,2020-01-17T19:00:00.000Z,"SheepWolf
@realsheepwolf
Â·
Jan 17, 2020","$VERB IT'S TIME TO WAKE UP TO $VERB 2020--IT'S A WHOLE NEW WORLD
GLOBAL EXPANSION
WORLD'S 1ST LIVE INTERACTIVE VIDEO WEBINAR PLATFORM (ZOOM KILLER) $ZM
 #MICROSOFT and #SALESFORCE INTEGRATION UPGRADES
937,000 USER BASE AND GROWING

$SAVA $CEI $CYCN $CRM $ADBE $MSFT $AAPL",ğŸ’« ğŸŒ ğŸŒ ğŸŒ ğŸŒ,,2,2,['https://pbs.twimg.com/media/EL65pJ2W4AEpERR.jpg'],https://twitter.com/realsheepwolf/status/1218246612016746496
Keean,@itskeean,2020-01-18T21:19:15.000Z,"Keean
@itskeean
Â·
Jan 18, 2020",5yr big bets +/- the lithium $lk $zm $lac $cgc $wmd $sq $spce,,1,,,[],https://twitter.com/itskeean/status/1218644039601397760
Josh Kawcak,@Kawcak20,2020-01-18T18:02:47.000Z,"Josh Kawcak
@Kawcak20
Â·
Jan 18, 2020","@ReformedBroker
 Monday which one would you suggest to BUY $ZM, $WORK, $INVH or $DIS?",,,,,[],https://twitter.com/Kawcak20/status/1218594597888237570
Ticker Report,@TickerReport,2020-01-18T11:23:37.000Z,"Ticker Report
@TickerReport
Â·
Jan 18, 2020",Zoom Video Communications Inc $ZM Given Consensus Recommendation of â€œHoldâ€ by Brokerages http://tickerreport.com/?p=4968065,,,,,[],https://twitter.com/TickerReport/status/1218494145469276160
Scot1and,@Scot1andT,2020-01-18T04:06:29.000Z,"Scot1and
@Scot1andT
Â·
Jan 17, 2020","Replying to 
@stockmktgenius",ğŸ€ ğŸ’µ,,,1,[],https://twitter.com/Scot1andT/status/1218384136039280640
Robert Leonard,@therobertleonar,2020-01-19T21:25:37.000Z,"Robert Leonard
@therobertleonar
Â·
Jan 19, 2020","Mine are:

Cash (59.5%)
$MA (12.1%)
$V (9.8%)
$MKL (6.3%)
$VOO (3.2%)
$YEXT (1.7%)
$VGT (1.4%)
$PYPL (1.2%)
$MSFT (0.9%)
$SQ (0.7%)*
$ETSY (0.5%)
$SBUX (0.5%)
$MTCH (0.5%)
$DDOG (0.4%)
$ZM (0.4%)
$BAM (0.3%)
$GDOT (0.3%)
$PINS (0.1%)

*Frequently selling $SQ Puts",,8,3,22,[],https://twitter.com/therobertleonar/status/1219008033575112707
iTradePrice,@MommyTrades,2020-01-19T18:41:37.000Z,"iTradePrice
@MommyTrades
Â·
Jan 19, 2020",$ZM Weekly..,ğŸ’°,,,3,[],https://twitter.com/MommyTrades/status/1218966759430139912
Clark Joseph Kent,@JorelLaraKalel,2020-01-19T17:47:23.000Z,"Clark Joseph Kent
@JorelLaraKalel
Â·
Jan 19, 2020","Replying to 
@davidmoble",,,,,[],https://twitter.com/JorelLaraKalel/status/1218953111923875840
Josh Kawcak,@Kawcak20,2020-01-19T14:08:49.000Z,"Josh Kawcak
@Kawcak20
Â·
Jan 19, 2020","Replying to 
@Downtown
 and 
@reformedbroker",,2,,1,[],https://twitter.com/Kawcak20/status/1218898108140130304
mark,@MKT_Gunslinger,2020-01-20T20:54:19.000Z,"mark
@MKT_Gunslinger
Â·
Jan 20, 2020",$zm $crwd $sand $ayx $coup $tndm $udr $plan $estc $inmd $pgny $shop $zs $aaxn $cybr $rng $ttd $team $zen $gddy $twlo. Scoring model is sorted by 74% weight 180 and 90 day next and current fiscal year #analyst #revenue (%) #estimate #revision. $spy $qqq #tech $spx $ndx $djia $qqqq,,,,1,[],https://twitter.com/MKT_Gunslinger/status/1219362542025396226
mark,@MKT_Gunslinger,2020-01-20T20:53:11.000Z,"mark
@MKT_Gunslinger
Â·
Jan 20, 2020",$zm $crws $sand $ayx $coup $tndm $udr $plan $estc $inmd $pgny $shop $zs $aaxn $cybr $rng $ttd $team $zen $gddy $twlo. Scoring model is sorted by 74% weight 180 and 90 day next and current fiscal year #analyst #revenue (%) #estimate #revision. $spy $qqq #tech $spx $ndx $djia $qqqq,,,,,[],https://twitter.com/MKT_Gunslinger/status/1219362257001484289
Jen Abel,@jjen_abel,2020-01-20T19:04:15.000Z,"Jen Abel
@jjen_abel
Â·
Jan 20, 2020","Early-Stage B2B Founders: Why DIRECT sales is most important to unlock ... 

""Two of the most viral, bottoms-up products in the history of enterprise software benefit immensely from direct sales.

- Slack $Work 
- ZOOM $ZM",ğŸš©,1,1,7,[],https://twitter.com/jjen_abel/status/1219334845568114689
Ticker Report,@TickerReport,2020-01-20T09:09:29.000Z,"Ticker Report
@TickerReport
Â·
Jan 20, 2020","Zoom Video Communications Inc $ZM CEO Eric S. Yuan Sells 70,143 Shares http://tickerreport.com/?p=4972814",,,,,[],https://twitter.com/TickerReport/status/1219185166599512064
Zhuo Huang,@zinthemoney,2020-01-21T23:59:40.000Z,"Zhuo Huang
@zinthemoney
Â·
Jan 21, 2020","I keep hearing that $MSFT is going to kill $WORK (
@profgalloway
 great video yesterday, by the way), I hope Skype is going to kill $ZM tooâ€¦not. Bullish on #slack and #Zoom",,,,2,[],https://twitter.com/zinthemoney/status/1219771575777415168
InsiderActionMonitor,@MonitorAction,2020-01-21T23:49:22.000Z,"InsiderActionMonitor
@MonitorAction
Â·
Jan 21, 2020","$ZM Aparna Bawa Dumps 7.5K Shares of Zoom Video Communications, Inc. http://chartexe.com/article/latest_stories/0001585521/2020-01-21/0001773301â€¦",,,,,[],https://twitter.com/MonitorAction/status/1219768981923553284
Fintel,@fintel_io,2020-01-21T23:46:11.000Z,"Fintel
@fintel_io
Â·
Jan 21, 2020","Insider Bawa Aparna reports selling 7,500 shares of $ZM for a total cost of $585,000.00",,,,,[],https://twitter.com/fintel_io/status/1219768181545492481
Flash Alert,@FlashAlert_me,2020-01-21T23:45:25.000Z,"Flash Alert
@FlashAlert_me
Â·
Jan 21, 2020","$ZM filed SEC form 4: Chief Legal Officer Bawa Aparna: 
Disposed 7,500 of Class A Common Stock at price $78 on 2020-01-16, decreased holding by 2% to 293,194 shares  https://s.flashalert.me/6kpEH",,,,,[],https://twitter.com/FlashAlert_me/status/1219767991090536448
Pat Connolly,@_Pat_Connolly,2020-01-21T21:47:23.000Z,"Pat Connolly
@_Pat_Connolly
Â·
Jan 21, 2020","Perspective change on $ZM

Assumed it was just offering video conferencing, something weâ€™ve all seen before, but it actually has potential to be a platform new companies build on top of",,2,1,6,[],https://twitter.com/_Pat_Connolly/status/1219738285217603587
Candlestick_stats,@dailycandlestix,2020-01-22T23:00:49.000Z,"Candlestick_stats
@dailycandlestix
Â·
Jan 22, 2020","$ZM Dark Cloud Cover
Daily appearances since 2020-01-02: 18
Next Day Close Â±:
Avg: 2.69
Worst: 0.39
Best: 6.76 

3 days later:
Avg: 1.78
Worst: -5.70
Best: 14.88 

5 days later:
Avg: 2.76
Worst: -6.17
Best: 13.73",,,,,[],https://twitter.com/dailycandlestix/status/1220119151538130947
SheepWolf,@realsheepwolf,2020-01-22T20:00:00.000Z,"SheepWolf
@realsheepwolf
Â·
Jan 22, 2020","$VERB BREAKOUT- INDUSTRY DISRUPTOR MOVING UP OFF OVERSOLD 5 YEAR LOWS
O/S=25m
PATENT PENDING TECH THAT RIVALS $ZM AND HUGE BIG TECH INTEGRATIONS 
OVER 937,000 MEMBERS WITH RECURRING REVENUE AND BACKLOG

$FCEL $GE $ORCL $CRM $DARE $AAPL $ADAP $SAVA $PLUG $AEMD $PIXY $BOLD",ğŸ’« ğŸ’« ğŸ’« ğŸ’«,,2,3,['https://pbs.twimg.com/amplify_video_thumb/1210173303417196546/img/PT9lU2zoVycEgkv2.jpg'],https://twitter.com/realsheepwolf/status/1220073650063314944
Yoloking of Bank Bailouts,@yoloption,2020-01-22T19:51:12.000Z,"Yoloking of Bank Bailouts
@yoloption
Â·
Jan 22, 2020",I actually think there is a non-trivial number of people buying $SPCE thinking they are buying SpaceX... Stupider things have happened (e.g. folks buying $ZOOM instead of $ZM),,,,1,[],https://twitter.com/yoloption/status/1220071432761143296
SheepWolf,@realsheepwolf,2020-01-22T19:02:00.000Z,"SheepWolf
@realsheepwolf
Â·
Jan 22, 2020","$VERB WEALTH BUILDER--ULTIMATE BUY LOW OPPORTUNITY-OVERSOLD 5 YEAR LOWS
O/S=25m
PATENT PENDING TECH THAT RIVALS $ZM AND HUGE BIG TECH INTEGRATIONS 
OVER 900,000 MEMBERS WITH RECURRING REVENUE AND BACKLOG

$FCEL $GE $ORCL $CRM $QCOM $AAPL $CVSI $SAVA  $PLUG $ARAV $PIXY $BOLD",ğŸ’« ğŸ’« ğŸ’« ğŸ’«,,1,1,['https://pbs.twimg.com/amplify_video_thumb/1211445659708149761/img/WhHjq4qg8QKJ-eVi.jpg'],https://twitter.com/realsheepwolf/status/1220059052257894400
STCK.PRO,@StckPro,2020-01-22T16:17:20.000Z,"STCK.PRO
@StckPro
Â·
Jan 22, 2020",$PYPL $ZM NEW ARTICLE : 4 Reasons Why PayPal Stock Could Zoom to $150 in 2020 https://dashboard.stck.pro/news.php?ticker=PYPL&rowid=3352091â€¦ Get all the latest $PYPL related news here : https://dashboard.stck.pro/news.php?ticker=PYPLâ€¦,,,,,[],https://twitter.com/StckPro/status/1220017611305439237
WKRB News,@WKRBNews,2020-01-23T23:51:47.000Z,"WKRB News
@WKRBNews
Â·
Jan 23, 2020","Janine Pelosi Sells 13,046 Shares of Zoom Video Communications Inc $ZM Stock http://wkrb13.com/?p=1532869 #markets",,,,,[],https://twitter.com/WKRBNews/status/1220494365375811585
MidEast Times,@midetimes,2020-01-23T23:47:47.000Z,"MidEast Times
@midetimes
Â·
Jan 23, 2020","Kelly Steckelberg Sells 11,067 Shares of Zoom Video Communications Inc $ZM Stock http://dailypolitical.com/?p=3346760 #stocks",,,,,[],https://twitter.com/midetimes/status/1220493362706423808
MidEast Times,@midetimes,2020-01-23T23:47:45.000Z,"MidEast Times
@midetimes
Â·
Jan 23, 2020","Zoom Video Communications Inc $ZM CMO Janine Pelosi Sells 13,046 Shares http://dailypolitical.com/?p=3346762 #stocks",,,,,[],https://twitter.com/midetimes/status/1220493354267561986
Daily Political,@dailypoliticaln,2020-01-23T23:47:45.000Z,"Daily Political
@dailypoliticaln
Â·
Jan 23, 2020","Zoom Video Communications Inc $ZM CMO Janine Pelosi Sells 13,046 Shares http://dailypolitical.com/?p=3346762",,,,,[],https://twitter.com/dailypoliticaln/status/1220493351352504321
Fintel,@fintel_io,2020-01-23T23:31:59.000Z,"Fintel
@fintel_io
Â·
Jan 23, 2020","Insider Steckelberg Kelly reports selling 11,067 shares of $ZM for a total cost of $841,609.40",,,,,[],https://twitter.com/fintel_io/status/1220489383972831232
TheTradingNinja,@TradeWithNinja,2020-01-23T23:10:34.000Z,"TheTradingNinja
@TradeWithNinja
Â·
Jan 23, 2020",Tomorrowâ€™s lotto day you all trying to be live with us?   If so 500likes before 12am tonight and everyone can join the stream on @zoom_us $ZM,,4,18,461,[],https://twitter.com/TradeWithNinja/status/1220483992945819650
Chuck,@chuckthetrader,2020-01-23T21:21:23.000Z,"Chuck
@chuckthetrader
Â·
Jan 23, 2020",$ZM $PD $MDB $CRWD $COUP what happened to you guys today...,,,,,[],https://twitter.com/chuckthetrader/status/1220456517142556674
Flash Alert,@FlashAlert_me,2020-01-23T21:19:38.000Z,"Flash Alert
@FlashAlert_me
Â·
Jan 23, 2020","$ZM filed SEC form 4: 10% Owner Emergence Capital Partners III, L.P.: 
Disposed 562,500 of Class A Common Stock at average price $0 and Acquired 562,500 of Class A Common Stock at average price $0 on 2020-01-21, holding 0 shares  https://s.flashalert.me/AVagpU",,,,,[],https://twitter.com/FlashAlert_me/status/1220456076698705924
SheepWolf,@realsheepwolf,2020-01-23T20:40:00.000Z,"SheepWolf
@realsheepwolf
Â·
Jan 23, 2020","$VERB THIS IS WHERE ""REAL"" MONEY IS MADE-BUYING BOTTOMS 
BUYING 5 YEAR LOWS 
PATENT PENDING-DISRUPTIVE TECH THAT RIVALS $ZM AND HUGE BIG TECH INTEGRATIONS 
OVER 800K MEMBERS 

$INPX $ACAD $APT $DFFN $DLTH $CRM $SAVA $AAPL $GENE $GNPX $DPW $GE $BABA $SFET $VERU $ECA $ACB $JD",ğŸ’« ğŸ’« ğŸ’« ğŸ’«,,4,4,['https://pbs.twimg.com/media/EO92B-jW4AEFddO?format=png&name=900x900'],https://twitter.com/realsheepwolf/status/1220446102354137088
thegreenisback,@thegreenisback,2020-01-23T17:58:27.000Z,"thegreenisback
@thegreenisback
Â·
Jan 23, 2020","How to Invest in Cloud Stocks 
@themotleyfool
 #stocks $CRM $IBM $MSFT $GOOGL $AMZN $NVDA $FB $NFLX $CSCO $WDAY $VMW $CTL $ADBE $SPLK $IT $MU $TCEHY $GOOG $VEEV $BABA $ANET $HUBS $SHOP $SQ $TWLO $IQV $OKTA $TTD $SPOT $SKYY $DOCU $ZM $PLAN",,,2,3,['https://pbs.twimg.com/card_img/1646719791804338179/gMHyhQbV?format=jpg&name=small'],https://twitter.com/thegreenisback/status/1220405448001671168
SheepWolf,@realsheepwolf,2020-01-23T17:15:00.000Z,"SheepWolf
@realsheepwolf
Â·
Jan 23, 2020","$VERB 2020
EXPANSION INTO OTHER BUSINESS SECTORS
WORLD'S 1ST ""LIVE"" INTERACTIVE VIDEO WEBINAR PLATFORM
#MICROSOFT AND #SALESFORCE INTEGRATION UPGRADES
937,000 USER BASE AND GROWING GLOBALLY

$SAVA $CEI $CYCN $CRM $ADBE $MSFT $AAPL $GENE $DPW $ORCL $ZM $RAD $SIRI $OPGN",ğŸ’« ğŸ’« ğŸ’« ğŸ’« ğŸ’«,,1,2,"['https://pbs.twimg.com/media/EOUpImWWkAEqqJM?format=jpg&name=small', 'https://pbs.twimg.com/media/EOUpKIIXkAAjyGi?format=jpg&name=small', 'https://pbs.twimg.com/media/EOUpLv2W4AAP4dA?format=jpg&name=small', 'https://pbs.twimg.com/media/EOUpNQtX0Acxv3l?format=jpg&name=small']",https://twitter.com/realsheepwolf/status/1220394512461131776
SheepWolf,@realsheepwolf,2020-01-23T16:27:00.000Z,"SheepWolf
@realsheepwolf
Â·
Jan 23, 2020","$VERB WEALTH BUILDER--ULTIMATE BUY LOW OPPORTUNITY-OVERSOLD 5 YEAR LOWS
O/S=25m
PATENT PENDING TECH THAT RIVALS $ZM AND HUGE BIG TECH INTEGRATIONS 
OVER 900,000 MEMBERS WITH RECURRING REVENUE AND BACKLOG

$FCEL $GE $ORCL $CRM $QCOM $AAPL $CVSI $SAVA  $PLUG $ARAV $PIXY $BOLD",ğŸ’« ğŸ’« ğŸ’« ğŸ’«,,3,3,['https://pbs.twimg.com/media/EO9zVG4WsAAIa7y.jpg'],https://twitter.com/realsheepwolf/status/1220382432916049920
apppro,@apppro1,2020-01-23T14:49:15.000Z,"apppro
@apppro1
Â·
Jan 23, 2020","With all this shelter in place talk you would think a company like @zoom_us $ZM would be spiking through the roof.

market just looking for reasons to sell now.",,,,,[],https://twitter.com/apppro1/status/1220357834589790208
apppro,@apppro1,2020-01-23T14:49:01.000Z,"apppro
@apppro1
Â·
Jan 23, 2020","@terranovajoe
 @SquawkStreet
 @HalftimeReport
  With all this shelter in place talk you would think a company like @zoom_us $ZM would be spiking through the roof.

market just looking for reasons to sell now.",,,,,[],https://twitter.com/apppro1/status/1220357775487852544
TexMex,@TraderTexMex,2020-01-23T14:11:37.000Z,"TexMex
@TraderTexMex
Â·
Jan 23, 2020",$CLRO + $ZM ClearOne UNITEÂ® Video Conferencing Cameras Now Zoom Certified,,,,,[],https://twitter.com/TraderTexMex/status/1220348362819538946
Maria Chaudhry,@mchaudhry82,2020-01-23T04:34:11.000Z,"Maria Chaudhry
@mchaudhry82
Â·
Jan 22, 2020",Thursdayâ€™s 2: $QQQ $SPY $UVXY $TVIX $TSLA $ROKU $NVDA $SNAP $PYPL $SQ $TWLO $TWTR $V $XLNX $SPCE $STLD $TER $TXN $ZM $NKE $NTNX $PG $SWKS $TEAM $TECK $TTD $UNP $VFC $WMT $WWE  ,ğŸ‘€ ğŸ’– âœ…,,1,10,['https://pbs.twimg.com/media/EO8IM7qXUAMm99a?format=jpg&name=large'],https://twitter.com/mchaudhry82/status/1220203048674435072
Chameleon Options,@MC_OptionTrades,2020-01-24T21:49:28.000Z,"Chameleon Options
@MC_OptionTrades
Â·
Jan 24, 2020",$ZM Option Order Flow Sentiment is 55.3% Bullish. https://marketchameleon.com/Overview/ZM/OptionOrderSentiment/â€¦,ğŸ¦,,,,[],https://twitter.com/MC_OptionTrades/status/1220825973823885317
SheepWolf,@realsheepwolf,2020-01-24T20:30:00.000Z,"SheepWolf
@realsheepwolf
Â·
Jan 24, 2020","$VERB WEALTH BUILDER--ULTIMATE BUY LOW OPPORTUNITY-OVERSOLD 5 YEAR LOWS
O/S=25m
PATENT PENDING TECH THAT RIVALS $ZM AND HUGE BIG TECH INTEGRATIONS 
OVER 900,000 MEMBERS WITH RECURRING REVENUE AND BACKLOG

$FCEL $GE $ORCL $CRM $QCOM $AAPL $CVSI $SAVA  $PLUG $ARAV $PIXY $BOLD",ğŸ’« ğŸ’« ğŸ’« ğŸ’«,,,,[],https://twitter.com/realsheepwolf/status/1220805973604020227
Leni,@TweetLeni,2020-01-24T18:46:55.000Z,"Leni
@TweetLeni
Â·
Jan 24, 2020",$ZM added a bit more here. Hoping this comes in a bit more Id like to add quite a bit if I can get a better discount.,,1,,1,[],https://twitter.com/TweetLeni/status/1220780031963803654
SheepWolf,@realsheepwolf,2020-01-24T18:00:01.000Z,"SheepWolf
@realsheepwolf
Â·
Jan 24, 2020","$VERB WEALTH BUILDER--ULTIMATE BUY LOW OPPORTUNITY-OVERSOLD 5 YEAR LOWS
O/S=25m
PATENT PENDING TECH THAT RIVALS $ZM AND HUGE BIG TECH INTEGRATIONS 
OVER 900,000 MEMBERS WITH RECURRING REVENUE AND BACKLOG

$FCEL $GE $ORCL $CRM $QCOM $AAPL $CVSI $SAVA  $PLUG $ARAV $PIXY $BOLD",ğŸ’« ğŸ’« ğŸ’« ğŸ’«,,1,1,['https://pbs.twimg.com/media/EO90TBNWAAYOL8E.jpg'],https://twitter.com/realsheepwolf/status/1220768228550631425
SwingTradeBot,@SwingTradeBot,2020-01-24T17:07:57.000Z,"SwingTradeBot
@SwingTradeBot
Â·
Jan 24, 2020",Outside Day today: $MATW $ZM $SIF ...,,,,,['https://pbs.twimg.com/card_img/1645232443413364737/09Wsa9AS?format=jpg&name=small'],https://twitter.com/SwingTradeBot/status/1220755128338259968
SheepWolf,@realsheepwolf,2020-01-24T17:00:01.000Z,"SheepWolf
@realsheepwolf
Â·
Jan 24, 2020","$VERB THIS IS WHERE ""REAL"" MONEY IS MADE-BUYING BOTTOMS 
BUYING 5 YEAR LOWS 
PATENT PENDING-DISRUPTIVE TECH THAT RIVALS $ZM AND HUGE BIG TECH INTEGRATIONS 
OVER 800K MEMBERS 

$INPX $ACAD $APT $DFFN $DLTH $CRM $SAVA $AAPL $GENE $GNPX $DPW $GE $BABA $SFET $VERU $ECA $ACB $JD",ğŸ’« ğŸ’« ğŸ’« ğŸ’«,,3,4,['https://pbs.twimg.com/media/EPDQJSOW4AAgw9R?format=jpg&name=medium'],https://twitter.com/realsheepwolf/status/1220753130377232384
aistockfinder,@aistockfinder,2020-01-24T12:10:36.000Z,"aistockfinder
@aistockfinder
Â·
Jan 24, 2020",$ZM https://aistockfinder.com/stock-forecast/ZMâ€¦ Zoom Video Communications Inc. The mathematical model has detected this company s stock price has an undetermined short term setup and has a neutral long term outlook #Finance #StockMarket #money,,,,,[],https://twitter.com/aistockfinder/status/1220680297865498624
insiderbuying,@insiderbuyings,2020-01-24T06:00:01.000Z,"insiderbuying
@insiderbuyings
Â·
Jan 24, 2020",$ZM new insider selling: 11067 shares. http://insiderbuyingselling.com/?t=ZM,,,,,[],https://twitter.com/insiderbuyings/status/1220587036803043328
Scot1and,@Scot1andT,2020-01-24T02:37:00.000Z,"Scot1and
@Scot1andT
Â·
Jan 23, 2020","Replying to 
@TonyStarke4987
 @ThweisSXFX
 and 
@thereallisaann",ğŸ€ ğŸ’µ,1,1,2,[],https://twitter.com/Scot1andT/status/1220535944421498883
Dakota Financial,@dakotafinancial,2020-01-24T01:29:01.000Z,"Dakota Financial
@dakotafinancial
Â·
Jan 23, 2020",Zoom Video Communications Inc $ZM Receives Consensus Recommendation of â€œHoldâ€ from Analysts http://dakotafinancialnews.com/?p=1458885,,,,,[],https://twitter.com/dakotafinancial/status/1220518838040780808
Austin Lieberman,@LiebermanAustin,2020-01-25T23:21:09.000Z,"Austin Lieberman
@LiebermanAustin
Â·
Jan 25, 2020","New Product releases from @zoom_us $ZM

Virtual Video Backgrounds, Expanded App Integrations, Added Zoom Phone Features Highlight  

https://blog.zoom.us/wordpress/2020/01/22/zoom-january-release-virtual-video-backgrounds-expanded-app-integrations-zoom-phone-features/â€¦",,,3,21,[],https://twitter.com/LiebermanAustin/status/1221211435411419136
Robert Leonard,@therobertleonar,2020-01-25T20:45:54.000Z,"Robert Leonard
@therobertleonar
Â·
Jan 25, 2020","Replying to 
@LiebermanAustin
 and 
@AustinLieb",,1,,1,[],https://twitter.com/therobertleonar/status/1221172364869885954
headsortails2066,@Rags_vs_Riches,2020-01-25T20:00:09.000Z,"headsortails2066
@Rags_vs_Riches
Â·
Jan 25, 2020","#VUZIX and #ZOOM 

Great #app !!

$ZM #video #conferencecall #handsfree #tech #technology #smartglasses #business #communication #verizon #augmentedreality #virtualreality #vuzixblade #AR #digital #5G #innovation #wireless #mobile #mifi $GOOG $AAPL #VZ

https://finance.yahoo.com/news/vuzix-announces-zoom-video-conferencing-180300517.htmlâ€¦",,,3,3,[],https://twitter.com/Rags_vs_Riches/status/1221160850720989184
Austin Lieberman,@LiebermanAustin,2020-01-25T19:06:01.000Z,"Austin Lieberman
@LiebermanAustin
Â·
Jan 25, 2020","Crazy idea: some â€œovervaluedâ€ cloud/software stocks are actually value investments. 

Investors donâ€™t understand the exponential-like growth that comes from sustained YoY revenue growth of 45%+ and 85%+ gross-margins.

$AYX, $DDOG, $CRWD, $ZM, etc",,16,22,205,[],https://twitter.com/LiebermanAustin/status/1221147229433552901
Media SentimentÂ®,@mediasentiment,2020-01-25T10:30:27.000Z,"Media SentimentÂ®
@mediasentiment
Â·
Jan 25, 2020",$ZM  new alert at http://aheadsup.com/twitter/newsentiment.html?user=usequitiesâ€¦  #stocks #daytrading  #NYSE #NASDAQ #market 275,,,,,[],https://twitter.com/mediasentiment/status/1221017481759875073
The Lincolnian,@ThisLincolnian,2020-01-25T10:27:43.000Z,"The Lincolnian
@ThisLincolnian
Â·
Jan 25, 2020","Aparna Bawa Sells 7,500 Shares of Zoom Video Communications Inc $ZM Stock http://thelincolnianonline.com/?p=3390208",,,,,[],https://twitter.com/ThisLincolnian/status/1221016794703548416
Ticker Report,@TickerReport,2020-01-25T10:24:47.000Z,"Ticker Report
@TickerReport
Â·
Jan 25, 2020","Kelly Steckelberg Sells 11,067 Shares of Zoom Video Communications Inc $ZM Stock http://tickerreport.com/?p=4988540",,,,,[],https://twitter.com/TickerReport/status/1221016055516221440
Ticker Report,@TickerReport,2020-01-25T10:24:43.000Z,"Ticker Report
@TickerReport
Â·
Jan 25, 2020","Insider Selling: Zoom Video Communications Inc $ZM Insider Sells $585,000.00 in Stock http://tickerreport.com/?p=4988550",,,,,[],https://twitter.com/TickerReport/status/1221016038395039744
Ticker Report,@TickerReport,2020-01-25T10:09:53.000Z,"Ticker Report
@TickerReport
Â·
Jan 25, 2020","Janine Pelosi Sells 13,046 Shares of Zoom Video Communications Inc $ZM Stock http://tickerreport.com/?p=4988250",,,,,[],https://twitter.com/TickerReport/status/1221012304298414080
Shiv Sharma,@shivsharma_5,2020-01-25T05:40:13.000Z,"Shiv Sharma
@shivsharma_5
Â·
Jan 25, 2020","Exactly why expensive best-in-breed SaaS can stay expensive for long periods of time. $TEAM and $SHOP are examples. Growth + unit econ + capital effec will drive outperformance in 2020 $ZM $DDOG

Most tech companies arenâ€™t WeWork â€“ TechCrunch https://techcrunch.com/2020/01/24/most-tech-companies-arent-wework/â€¦",,,,6,[],https://twitter.com/shivsharma_5/status/1220944443252998144
Candlestick_stats,@dailycandlestix,2020-01-25T02:46:05.000Z,"Candlestick_stats
@dailycandlestix
Â·
Jan 24, 2020","$ZM Three Black Crows
Daily appearances since 2020-01-02: 2
Next Day Close Â±:
Avg: 1.57
Worst: 1.57
Best: 1.57 

3 days later:
Avg: 1.47
Worst: 1.47
Best: 1.47 

5 days later:
Avg: 2.85
Worst: 2.85
Best: 2.85",,,,,[],https://twitter.com/dailycandlestix/status/1220900617805168640
Chameleon Options,@MC_OptionTrades,2020-01-25T02:07:12.000Z,"Chameleon Options
@MC_OptionTrades
Â·
Jan 24, 2020",$ZM 31-Jan-20 ATM Implied Vol Climbs +2.9%. Straddle Implies a Move of Â±4.1% https://marketchameleon.com/Overview/ZM/OptionSummary/â€¦,ğŸ¦,,,,[],https://twitter.com/MC_OptionTrades/status/1220890834318647297
Purnha,@PurnhaInvest,2020-01-26T21:43:48.000Z,"Purnha
@PurnhaInvest
Â·
Jan 26, 2020","Stocks for week 27/1/20

Longs
$SDC
$SQ
$GSKY
$Z
$LUV
$ALLY
$ANET
$GRUB
$CTSH
$HMI
$GDOT
$INMD
$PETQ
$TPIC
$WGO
$SAFE
$AXP
$SEDG
$RDFN
$KBH

Shorts
$IQ
$CHWY
$ZM
$WMT
$TCMD
$BOOT
$CHEF
$FDP
$EPAC
$KTOS
$TIVO
$THS
$SPB
$CASY
$DD
$CNHI
$BOX
$GOOS
$WORK
$MTRN

Perf last week: -0.04%",,2,,1,[],https://twitter.com/PurnhaInvest/status/1221549321113309187
Buried Value,@Buried_Value,2020-01-26T19:16:31.000Z,"Buried Value
@Buried_Value
Â·
Jan 26, 2020","Replying to 
@LiebermanAustin
 and 
@AustinLieb",,1,,,[],https://twitter.com/Buried_Value/status/1221512258301386753
Mbtrader,@_mbtrader_,2020-01-26T18:49:42.000Z,"Mbtrader
@_mbtrader_
Â·
Jan 26, 2020","@traderDanielle
 What do you think of some debit put spreads on $ZM. If trend continues could see $65, especially with insider selling and overall market concerns with this china virus (think its over reaction).",,1,,2,['https://pbs.twimg.com/media/EPOoyZJWsAERYMh?format=jpg&name=medium'],https://twitter.com/_mbtrader_/status/1221505511083868160
Mbtrader,@_mbtrader_,2020-01-26T18:47:54.000Z,"Mbtrader
@_mbtrader_
Â·
Jan 26, 2020","Looking for some debit put spreads on $ZM. Think we can see retrace back to $65ish..MACD crossing over, momentum on JC Squeeze downward, RSI going down. Think it bounces back once RSI hits 30ish. Lets see what happens! Oh and lots of insider selling lately.....",,,,,['https://pbs.twimg.com/media/EPOoX5BX0AAq3D1?format=jpg&name=medium'],https://twitter.com/_mbtrader_/status/1221505056068993026
Adventures in Financial Independence,@adventuresinfi,2020-01-26T16:18:35.000Z,"Adventures in Financial Independence
@adventuresinfi
Â·
Jan 26, 2020","Replying to 
@drstrange92
 @MarcusTeo7
 and 
@AustinLieb",,1,,,[],https://twitter.com/adventuresinfi/status/1221467478112509952
SteelyRivers,@SteelyRivers,2020-01-26T15:55:39.000Z,"SteelyRivers
@SteelyRivers
Â·
Jan 26, 2020","$ZM Eric Yuan, founder of the San Jose, California-based Zoom Video Communications, which provides remote conferencing services using cloud computing, announced  will offer free video conference services to users in China. https://chinadaily.com.cn/a/202001/26/WS5e2cdb56a3101282172733f9.htmlâ€¦ $JD sending medical supplies",ğŸ›¡,,,,[],https://twitter.com/SteelyRivers/status/1221461707387617280
Adventures in Financial Independence,@adventuresinfi,2020-01-26T14:27:31.000Z,"Adventures in Financial Independence
@adventuresinfi
Â·
Jan 26, 2020","Replying to 
@LiebermanAustin
 and 
@AustinLieb",,1,,,[],https://twitter.com/adventuresinfi/status/1221439529564983296
The Lincolnian,@ThisLincolnian,2020-01-26T09:42:59.000Z,"The Lincolnian
@ThisLincolnian
Â·
Jan 26, 2020","Janine Pelosi Sells 13,046 Shares of Zoom Video Communications Inc $ZM Stock http://thelincolnianonline.com/?p=3392869",,,,,[],https://twitter.com/ThisLincolnian/status/1221367924222459904
The Lincolnian,@ThisLincolnian,2020-01-26T09:42:56.000Z,"The Lincolnian
@ThisLincolnian
Â·
Jan 26, 2020","Zoom Video Communications Inc $ZM CFO Sells $841,645.35 in Stock http://thelincolnianonline.com/?p=3392876",,,,,[],https://twitter.com/ThisLincolnian/status/1221367910217719808
recession,@docgooch,2020-01-26T00:22:30.000Z,"recession
@docgooch
Â·
Jan 25, 2020","Replying to 
@howardlindzon",ğŸ™ˆ ğŸ§¢,,,,[],https://twitter.com/docgooch/status/1221226874782662656
Scot1and,@Scot1andT,2020-01-27T22:43:48.000Z,"Scot1and
@Scot1andT
Â·
Jan 27, 2020",Let's recap the damage today - out of $JMIA for even - disappointing since that looked like it had some big potential but waaay too volatile for these conditions. - put on some $TEAM.  no other position changes.  Pleased with $CRWD and $DOCU bounces. $ZM needs to tomorrow or cut,ğŸ€ ğŸ’µ,,,5,[],https://twitter.com/Scot1andT/status/1221926808167288833
Opricot,@opricot,2020-01-27T21:44:33.000Z,"Opricot
@opricot
Â·
Jan 27, 2020",$ZM Expiration:01/31/2020|MaxPain:73.0|High Put Open Interest:70.0(438)|High Call Open Interest:85.0(1269),,,,,['https://pbs.twimg.com/card_img/1644807065142177793/zb2QbZWn?format=png&name=240x240'],https://twitter.com/opricot/status/1221911897336926209
Ryan,@Ryan_Burgio,2020-01-27T20:44:18.000Z,"Ryan
@Ryan_Burgio
Â·
Jan 27, 2020","Replying to 
@LiebermanAustin
 and 
@AustinLieb",,,,,[],https://twitter.com/Ryan_Burgio/status/1221896738300145664
SheepWolf,@realsheepwolf,2020-01-27T20:33:00.000Z,"SheepWolf
@realsheepwolf
Â·
Jan 27, 2020","$VERB WEALTH BUILDER--ULTIMATE BUY LOW OPPORTUNITY-OVERSOLD 5 YEAR LOWS
O/S=25m
PATENT PENDING TECH THAT RIVALS $ZM AND HUGE BIG TECH INTEGRATIONS 
OVER 900,000 MEMBERS WITH RECURRING REVENUE AND BACKLOG

$FCEL $GE $ORCL $CRM $QCOM $AAPL $CVSI $SAVA  $PLUG $ARAV $PIXY $BOLD",ğŸ’« ğŸ’« ğŸ’« ğŸ’«,,3,3,['https://pbs.twimg.com/media/EO9zVG4WsAAIa7y.jpg'],https://twitter.com/realsheepwolf/status/1221893892360015872
Gerald Villani,@geraldvillani,2020-01-27T20:25:25.000Z,"Gerald Villani
@geraldvillani
Â·
Jan 27, 2020","@MarketFoolery
 I assume Jason Moser knows Skype is end of life and that's why Microsoft is not investing in it. Better to compare $ZM to Teams.",,,,,[],https://twitter.com/geraldvillani/status/1221891984291438593
Jamie Mcullough,@JamieMcullough,2020-01-27T19:39:25.000Z,"Jamie Mcullough
@JamieMcullough
Â·
Jan 27, 2020","Replying to 
@TraceyRyniec
 and 
@Lau1Keith",,2,1,1,[],https://twitter.com/JamieMcullough/status/1221880408142417920
BKAT -,@bkatcap,2020-01-27T19:06:54.000Z,"BKAT -
@bkatcap
Â·
Jan 27, 2020","@Trade_With_Mr_X
 what are your thoughts on stocks like $ttd and $coup $zm that are looking good but below their 20 day assuming insurance gains in place to hold. After waking up to the market this morning I guess Iâ€™m trying to gauge vulnerability",ğŸ‚ ğŸ’¸ ğŸ»,2,,2,[],https://twitter.com/bkatcap/status/1221872225663537155
SheepWolf,@realsheepwolf,2020-01-27T17:14:00.000Z,"SheepWolf
@realsheepwolf
Â·
Jan 27, 2020","$VERB THIS IS WHERE ""REAL"" MONEY IS MADE-BUYING BOTTOMS 
BUYING 5 YEAR LOWS 
PATENT PENDING-DISRUPTIVE TECH THAT RIVALS $ZM AND HUGE BIG TECH INTEGRATIONS 
OVER 937K MEMBERS 

$INPX $ACAD $APT $DFFN $DLTH $CRM $SAVA $AAPL $GENE $GNPX $DPW $GE $BABA $SFET $VERU $ECA $ACB $JD",ğŸ’« ğŸ’« ğŸ’« ğŸ’«,,1,1,['https://pbs.twimg.com/media/EPR-1qvX4AAxMgK?format=jpg&name=medium'],https://twitter.com/realsheepwolf/status/1221843812072353795
BigAAPL trader,@BigAAPLtrader,2020-01-27T16:14:16.000Z,"BigAAPL trader
@BigAAPLtrader
Â·
Jan 27, 2020","Is 
@ReformedBroker
 a buyer of more $ZM or $WORK on this pullback? 
@HalftimeReport
 @ScottWapnerCNBC",,,2,,[],https://twitter.com/BigAAPLtrader/status/1221828782148984833
Leni,@TweetLeni,2020-01-27T15:59:05.000Z,"Leni
@TweetLeni
Â·
Jan 27, 2020",$ZM add to long. Nice pullback.,,,,3,[],https://twitter.com/TweetLeni/status/1221824959623897088
SteelyRivers,@SteelyRivers,2020-01-27T14:54:50.000Z,"SteelyRivers
@SteelyRivers
Â·
Jan 27, 2020",$BILI $BZUN $BIDU $JD $IQ not going to be hurt by #coronavirus and businesses online should do more business $ZM $PDD these prices wonâ€™t last,ğŸ›¡,,,2,['https://pbs.twimg.com/media/EPS8nlzU0AAv9j6?format=jpg&name=large'],https://twitter.com/SteelyRivers/status/1221808790099513344
David Kretzmann,@David_Kretzmann,2020-01-27T12:10:18.000Z,"David Kretzmann
@David_Kretzmann
Â·
Jan 27, 2020","It's a high bar for a stock to 30x in 20 years, but here are 5 ideas:

$MELI- if Latin America stabilizes
$SFIX- if they can break into the mainstream
$ZM- ubiquitous across enterprise/consumer
$TRUP- if US insures pets at same rate as EU/Australia
$VMD- promising, underfollowed",,7,13,97,['https://pbs.twimg.com/profile_images/1591054097263857664/IPp2YdyW_normal.jpg'],https://twitter.com/David_Kretzmann/status/1221767383637024769
Danny Naz | Trading Coach,@ThePupOfWallSt,2020-01-28T21:49:38.000Z,"Danny Naz | Trading Coach
@ThePupOfWallSt
Â·
Jan 28, 2020","On watch... $LYFT, $SQ, $TEVA, $MOMO, $DDOG, $ROKU, $NIO, $CGC, $TLRY, $HIIQ, $INMD, $STNE, $OKTA, $ZM, $LVGO, $WORK, $CRWD, $TCEHY, $PYPL, $MDB, $SNAP, $SHOP, $SE, $BYND, $TWLO, $SHAK, $NVTA, $ZS, $NTNX, $TTD, $TWTR, $ENPH, $SPWR, $ABBV, $AYX, $CLVS, $NVCR, $SPCE

Miss anything?",,,,,[],https://twitter.com/ThePupOfWallSt/status/1222275565438361600
Blue Healthcare Now,@BlueBioNow,2020-01-28T21:33:16.000Z,"Blue Healthcare Now
@BlueBioNow
Â·
Jan 28, 2020",$ZM substantial price changes on this stock -3.41 % https://blueequity.io/symbol/ZM,,,,,[],https://twitter.com/BlueBioNow/status/1222271449219493889
Tommy Gaessler,@tommygaessler,2020-01-28T20:54:49.000Z,"Tommy Gaessler
@tommygaessler
Â·
Jan 28, 2020","Meet the @zoom_us #DeveloperRelations team!

Featuring 
@mdharrington_
, 
@ojusave
, 
@Michael_Purnell
, @ssshrijana, 
@bdeanindy
, yours truly, and more! #Zoom $ZM",,,2,5,['https://pbs.twimg.com/card_img/1645343445387468800/PpKvw0-X?format=jpg&name=medium'],https://twitter.com/tommygaessler/status/1222261773044072450
"Brandon, PM",@iTurquoiseZebra,2020-01-28T20:09:50.000Z,"Brandon, PM
@iTurquoiseZebra
Â·
Jan 28, 2020","I have been seeing some posts on $ZM
-here is what I see from it",,1,,,['https://pbs.twimg.com/media/EPZOTkcUEAEcHLO?format=jpg&name=medium'],https://twitter.com/iTurquoiseZebra/status/1222250450109353984
SheepWolf,@realsheepwolf,2020-01-28T17:38:00.000Z,"SheepWolf
@realsheepwolf
Â·
Jan 28, 2020","$VERB WEALTH BUILDER--ULTIMATE BUY LOW OPPORTUNITY-OVERSOLD 5 YEAR LOWS
O/S=25m
PATENT PENDING TECH THAT RIVALS $ZM AND HUGE BIG TECH INTEGRATIONS 
OVER 937,000 MEMBERS WITH RECURRING REVENUE AND BACKLOG

$FCEL $GE $ORCL $CRM $QCOM $AAPL $CVSI $SAVA  $PLUG $ARAV $PIXY $BOLD",ğŸ’« ğŸ’« ğŸ’« ğŸ’«,1,2,3,['https://pbs.twimg.com/media/ENlzquPWkAA125a.jpg'],https://twitter.com/realsheepwolf/status/1222212239882670081
SwingTradeBot,@SwingTradeBot,2020-01-28T16:20:48.000Z,"SwingTradeBot
@SwingTradeBot
Â·
Jan 28, 2020",Outside Day today: $IRTC $DSWL $STWD $ZM $OSIS ...,,,,,['https://pbs.twimg.com/card_img/1645232443413364737/09Wsa9AS?format=jpg&name=small'],https://twitter.com/SwingTradeBot/status/1222192814009786370
hinks jinx,@hinksjinx,2020-01-28T16:19:43.000Z,"hinks jinx
@hinksjinx
Â·
Jan 28, 2020",$ZM appears to breaking out.,,,,,[],https://twitter.com/hinksjinx/status/1222192538439901184
"Nicole L. Augenti, Esq.",@Nicole1515,2020-01-28T16:18:36.000Z,"Nicole L. Augenti, Esq.
@Nicole1515
Â·
Jan 28, 2020",Literally roflmao at the squeeze ensuing immediately after I purchased $ZM,,,,,[],https://twitter.com/Nicole1515/status/1222192260009340934
SheepWolf,@realsheepwolf,2020-01-28T14:25:00.000Z,"SheepWolf
@realsheepwolf
Â·
Jan 28, 2020","$VERB THE RISE OF THE PHOENIX BABY---COMING OFF 5 YEAR LOWS
O/S=25m
PATENT PENDING TECH THAT RIVALS $ZM AND HUGE BIG TECH INTEGRATIONS 
OVER 937,000 MEMBERS WITH RECURRING REVENUE AND BACKLOG

$FCEL $GE $ORCL $CRM $QCOM $AAPL $CVSI $SAVA  $PLUG $ARAV $PIXY $BOLD $NNVC $CODX",ğŸ’« ğŸ’« ğŸ’« ğŸ’«,,5,4,['https://pbs.twimg.com/media/D9gNLYcW4AAD6aI.jpg'],https://twitter.com/realsheepwolf/status/1222163669791854595
apppro,@apppro1,2020-01-28T14:16:57.000Z,"apppro
@apppro1
Â·
Jan 28, 2020","$ZM Outrage that this crap is portrayed as a current issue. It happened and FIXED mid LAST year.

Zoom told The Hill on Tuesday â€œthe privacy and security of Zoomâ€™s users is our top priorityâ€ and that the Check Point $CHKP vulnerabilities were â€œaddressed in August of 2019.â€",,,,,['https://pbs.twimg.com/profile_images/623935252357058560/AaeCRlHB_normal.jpg'],https://twitter.com/apppro1/status/1222161643213393920
apppro,@apppro1,2020-01-28T13:45:30.000Z,"apppro
@apppro1
Â·
Jan 28, 2020","@OpenOutcrier
 $ZM this is an outrage that this crap is being portrayed as a current issue. It happened and FIXED ... https://stocktwits.com/apppro/message/192161541â€¦...",,,,,[],https://twitter.com/apppro1/status/1222153730512097282
Open Outcrier,@OpenOutcrier,2020-01-28T13:15:41.000Z,"Open Outcrier
@OpenOutcrier
Â·
Jan 28, 2020","$ZM (+1.0% pre) Zoom patched vulnerabilities that allowed eavesdropping on video meetings - The Hill

http://ooc.bz/l/47379",,,,2,[],https://twitter.com/OpenOutcrier/status/1222146225606135808
CHItrader,@CHItraders,2020-01-28T13:03:19.000Z,"CHItrader
@CHItraders
Â·
Jan 28, 2020",$ZM Flaw in Zoom allowed intruders to illegally eavesdrop on meetings http://marketwatch.com/news/story.asp?guid=%7B0B89E252-407D-11EA-A2B5-7CA866CFD189%7D&siteid=rss&rss=1â€¦,,,1,,[],https://twitter.com/CHItraders/status/1222143114820882434
Investor News,@newsfilterio,2020-01-28T06:17:11.000Z,"Investor News
@newsfilterio
Â·
Jan 28, 2020",These Are the Fastest-Growing Business Apps $CRM $NOW $WDAY $MSFT $ZM https://newsfilter.io/articles/these-are-the-fastest-growing-business-apps-603fd18c95d8ea6f837f7850599cd94aâ€¦,,,,,[],https://twitter.com/newsfilterio/status/1222040908167819266
Ticker Report,@TickerReport,2020-01-28T06:07:37.000Z,"Ticker Report
@TickerReport
Â·
Jan 28, 2020",Sabre $SABR versus Zoom Video Communications $ZM Head to Head Analysis http://tickerreport.com/?p=4996019,,,,1,[],https://twitter.com/TickerReport/status/1222038500423405568
Mark Fitzgerald,@_MarkFitzgerald,2020-01-28T04:29:02.000Z,"Mark Fitzgerald
@_MarkFitzgerald
Â·
Jan 27, 2020","Replying to 
@scottontario
 @TMFJMo
 and 4 others",ğŸ‘,,,1,[],https://twitter.com/_MarkFitzgerald/status/1222013692176470017
Scott Bates,@scottontario,2020-01-28T03:15:20.000Z,"Scott Bates
@scottontario
Â·
Jan 27, 2020","Replying to 
@TMFJMo
 @rongross144
 and 3 others",ğŸ˜œ ğŸ˜‰,4,,7,[],https://twitter.com/scottontario/status/1221995142405591041
Candlestick_stats,@dailycandlestix,2020-01-28T01:49:25.000Z,"Candlestick_stats
@dailycandlestix
Â·
Jan 27, 2020","$ZM 3 Lower lows
Daily appearances since 2020-01-02: 11
Next Day Close Â±:
Avg: 1.58
Worst: -4.30
Best: 6.76 

3 days later:
Avg: 3.68
Worst: -7.47
Best: 14.88 

5 days later:
Avg: 5.56
Worst: -3.47
Best: 13.02",,,,,[],https://twitter.com/dailycandlestix/status/1221973523964366848
long growth trading,@AmitayYaniv,2020-01-28T01:47:16.000Z,"long growth trading
@AmitayYaniv
Â·
Jan 27, 2020","Staying long 5 years 

$Swir 
$Akts 
$insg 
$Yext 
$Twlo 
$Zbra 
$newr 
$zm 
$estc 
$bzun 
$tdoc
$gh 
$Edit 
$mbot 
$Iivi 
$tsla
$Sq 
$fb 
$amzn 
$irbt 
$maxr
$sedg
$cgnx
$ayx
$nvta",,1,,6,[],https://twitter.com/AmitayYaniv/status/1221972982849056770
Chris,@Smart2Chart,2020-01-28T01:27:47.000Z,"Chris
@Smart2Chart
Â·
Jan 27, 2020","$ZM Higher highs, higher lows here as well",ğŸ˜,,1,,['https://pbs.twimg.com/media/EPVNfbyXkAMUuMS?format=png&name=medium'],https://twitter.com/Smart2Chart/status/1221968078801645568
Carolyn Boroden,@QueenOfFibs,2020-01-29T23:48:06.000Z,"Carolyn Boroden
@QueenOfFibs
Â·
Jan 29, 2020","I have a setup in $ZM from one of the stock picking sessionsâ€¦ Here are the parameters Iâ€™m watching.
https://simplertrading.com/daily/fibonacci-free/zm-01302020/â€¦
#Trading #FibonacciQueen #options #stockmarket #stockstowatch #optionstrading $SPX $ES",,2,2,15,['https://pbs.twimg.com/card_img/1645821967004729344/djBymgpd?format=jpg&name=small'],https://twitter.com/QueenOfFibs/status/1222667767536607233
Allison Barr Allen,@abarrallen,2020-01-29T23:18:06.000Z,"Allison Barr Allen
@abarrallen
Â·
Jan 29, 2020","After using Google Hangouts for a few weeks, Iâ€™ve never been more bullish on @zoom_us $ZM #proudshareholder",,13,4,157,[],https://twitter.com/abarrallen/status/1222660218598723586
Tuan Pham,@15minofPham,2020-01-29T22:40:20.000Z,"Tuan Pham
@15minofPham
Â·
Jan 29, 2020","Tues (1/29/20) trading range > 80% (Min $5 & Vol 750K, Opt Min Vol 500 in any strike): $INST $AU $FEYE $EGO $GFI $KGC $SDC $PAAS $AOBC $AGNC $GOLD $D $MRCY $TNDM $LLNW $APT $YY $VST $NRG $GE $LULU $DRI $AVY $SBGL $AMX $KL $NEM $PGR $AQUA $NVTA $AG $FB $CDE $NCLH $ZM $FIVE",,,,1,['https://pbs.twimg.com/media/EPe6V1VU0AAqAUS?format=png&name=small'],https://twitter.com/15minofPham/status/1222650713072795648
Erik Hilaski,@ejh470,2020-01-29T20:25:24.000Z,"Erik Hilaski
@ejh470
Â·
Jan 29, 2020","@jimcramer
 coronavirus shld benefit $ZM..  did I miss it in ur China list?  Big upside as companies stop travel.....  Another thought..  $amzn buys $ups?.. cheaper than building out their delivery network ..",,,,,[],https://twitter.com/ejh470/status/1222616756478455809
SheepWolf,@realsheepwolf,2020-01-29T19:06:00.000Z,"SheepWolf
@realsheepwolf
Â·
Jan 29, 2020","$VERB THIS IS WHERE ""REAL"" MONEY IS MADE-BUYING BOTTOMS 
BUYING 5 YEAR LOWS 
PATENT PENDING-DISRUPTIVE TECH THAT RIVALS $ZM AND HUGE BIG TECH INTEGRATIONS 
OVER 800K MEMBERS 

$INPX $ACAD $APT $DFFN $DLTH $CRM $SAVA $AAPL $GENE $GNPX $DPW $GE $BABA $SFET $VERU $ECA $ACB $JD",ğŸ’« ğŸ’« ğŸ’« ğŸ’«,,1,2,['https://pbs.twimg.com/media/ELr-FVNXsAAXbbq.jpg'],https://twitter.com/realsheepwolf/status/1222596773664960512
Anton,@Anton_A9,2020-01-29T18:37:19.000Z,"Anton
@Anton_A9
Â·
Jan 29, 2020","Stopped out on $NFLX small loss, bought $ZM looks good",,,,,[],https://twitter.com/Anton_A9/status/1222589556161015808
Tuan Pham,@15minofPham,2020-01-29T18:10:56.000Z,"Tuan Pham
@15minofPham
Â·
Jan 29, 2020","Mid-day highest % above OR 30-min high, Up/Avg Gain of today's seven 30-min bars, G/L % in previous 30-Min & Trading range % (Min $5, Vol > 750K, Opt Vol in any strike > 500): $EAT $CLVS $FEYE $DDOG $TNDM $DOCU $SKT $AOBC $ZM $PENN $AMX $VST",,,,,['https://pbs.twimg.com/media/EPd8rjxUUAAsT5e?format=png&name=small'],https://twitter.com/15minofPham/status/1222582915285929984
Leni,@TweetLeni,2020-01-29T17:53:10.000Z,"Leni
@TweetLeni
Â·
Jan 29, 2020",$ZM +1.2% early,,1,,1,[],https://twitter.com/TweetLeni/status/1222578447073062914
Jaybees,@jaybees12,2020-01-29T17:32:00.000Z,"Jaybees
@jaybees12
Â·
Jan 29, 2020",$ZM long looking 77 on this ,ğŸ ğŸ‘‡ ğŸ¦,,,,['https://pbs.twimg.com/media/EPdzxhPWkAUuAKI?format=png&name=900x900'],https://twitter.com/jaybees12/status/1222573120344731648
DreamWeaver,@CEOofSleep,2020-01-29T17:11:03.000Z,"DreamWeaver
@CEOofSleep
Â·
Jan 29, 2020","How about $MSFT scrap #Skype, which theyâ€™ve ruined, and take out $ZM for 100% premium",,,,,[],https://twitter.com/CEOofSleep/status/1222567848653930499
jon,@weeklystockchar,2020-01-29T16:27:31.000Z,"jon
@weeklystockchar
Â·
Jan 29, 2020",$ZM 10m. Pushing on that level....above can fly.,,1,,,['https://pbs.twimg.com/media/EPdlAnqWoAQhnMw?format=jpg&name=medium'],https://twitter.com/weeklystockchar/status/1222556892792328192
SheepWolf,@realsheepwolf,2020-01-29T16:17:00.000Z,"SheepWolf
@realsheepwolf
Â·
Jan 29, 2020","$VERB WEALTH BUILDER--ULTIMATE BUY LOW OPPORTUNITY-OVERSOLD 5 YEAR LOWS
O/S=25m
PATENT PENDING TECH THAT RIVALS $ZM AND HUGE BIG TECH INTEGRATIONS 
OVER 937,000 MEMBERS WITH RECURRING REVENUE AND BACKLOG

$FCEL $GE $ORCL $CRM $QCOM $AAPL $CVSI $SAVA  $PLUG $ARAV $PIXY $NNVC",ğŸ’« ğŸ’« ğŸ’« ğŸ’«,,3,2,['https://pbs.twimg.com/media/ENGKDi6XkAYwz2Q.jpg'],https://twitter.com/realsheepwolf/status/1222554243648745472
cybercash28,@MadMraket,2020-01-29T15:56:21.000Z,"cybercash28
@MadMraket
Â·
Jan 29, 2020","$COUP  H&H ..  
 
Weekly Bullish piercing .. still 3 more days to be engulfed ! 
 
$CYBR $ZM $OKTA $PAYC ....",,,,1,[],https://twitter.com/MadMraket/status/1222549047082455040
Option Pros,@TheOptionsPros,2020-01-29T15:47:06.000Z,"Option Pros
@TheOptionsPros
Â·
Jan 29, 2020",$CRWD and $ZM looking very strong today,,,,,[],https://twitter.com/TheOptionsPros/status/1222546720237740034
Sunrise Trader,@SunriseTrader,2020-01-29T14:25:27.000Z,"Sunrise Trader
@SunriseTrader
Â·
Jan 29, 2020","Yesterday I sold some $ZM made +11.7% rest into let it ride,  Stop hit on partial $BYND for +55.6%  put the rest in let it ride.",,4,,22,[],https://twitter.com/SunriseTrader/status/1222526171100995585
Austin Lieberman,@LiebermanAustin,2020-01-29T13:16:32.000Z,"Austin Lieberman
@LiebermanAustin
Â·
Jan 29, 2020","5/fin I own shares of $OKTA, $ZM, $WORK",,,,3,[],https://twitter.com/LiebermanAustin/status/1222508827666415622
Austin Lieberman,@LiebermanAustin,2020-01-29T13:16:29.000Z,"Austin Lieberman
@LiebermanAustin
Â·
Jan 29, 2020","1/n This is as good as Christmas. 
@toddmckinnon
, 
@fkerrest
, and the 
@okta
 $OKTA team just posted Biz @ Work 2020.

Love to see growth of 
@SlackHQ
 $WORK and @zoom_us $ZM broadly, then withing the O365 universe (the narrative 
@stewart
 and mgmnt is telling)",,1,1,18,[],https://twitter.com/LiebermanAustin/status/1222508815075115009
Daniel Ernst,@danielernstTMT,2020-01-29T10:51:48.000Z,"Daniel Ernst
@danielernstTMT
Â·
Jan 29, 2020",$ZM among most popular enterprise apps & among fastest growers. $GOOG GCP 3rd fastest growth and other fun facts:,,,,,['https://pbs.twimg.com/profile_images/1408233261503959040/x1NpY_-3_normal.jpg'],https://twitter.com/danielernstTMT/status/1222472404536045568
meadowlands_capital,@meadowlandscap1,2020-01-29T03:28:54.000Z,"meadowlands_capital
@meadowlandscap1
Â·
Jan 28, 2020","Again this is when compared to $TEAM, $ZM , $OKTA and $WORK . The unit growth profile doesnâ€™t seem that attractive for $AYX",,,,2,[],https://twitter.com/meadowlandscap1/status/1222360944883458048
TeresaTrades,@TeresaTrades,2020-01-30T23:00:24.000Z,"TeresaTrades
@TeresaTrades
Â·
Jan 30, 2020",Unusual options activity $DD $FB $MRVL $MOS $RIO $LVS $FCX $KO $ACAD $MSFT $T $NRG $AA $PDD $FB $TRU $MU $TSLA $GOOG $AXP $OXY $WRK $ZM $JNJ $BAC $WY $ALXN,,,,5,['https://pbs.twimg.com/media/EPkIhk6UcAAUYjb?format=jpg&name=medium'],https://twitter.com/TeresaTrades/status/1223018150976864256
Candlestick_stats,@dailycandlestix,2020-01-30T22:35:52.000Z,"Candlestick_stats
@dailycandlestix
Â·
Jan 30, 2020","$ZM Three White Soldiers
Daily appearances since 2020-01-02: 2
Next Day Close Â±:
Avg: 0.07
Worst: 0.07
Best: 0.07 

3 days later:
Avg: 1.48
Worst: 1.48
Best: 1.48 

5 days later:
Avg: 4.39
Worst: 4.39
Best: 4.39",,,,,[],https://twitter.com/dailycandlestix/status/1223011977519255553
TeresaTrades,@TeresaTrades,2020-01-30T22:32:22.000Z,"TeresaTrades
@TeresaTrades
Â·
Jan 30, 2020",$ZM $TSLA $CRWD $MSFT $AAPL $JNJ $BABA $MRVL $LK $UAL $SWKS Today's AMAZING algo-based options alerts on BlackBoxStocks (times AKDT)!!! Learn more here http://staygreen.blackboxstocks.com/SHt #BlackBoxStocks #trading #DayTrading #WallStreet #StockMarket #money #OptionsTrading,,,,,['https://pbs.twimg.com/media/EPkCHFkUwAAaeeb?format=jpg&name=small'],https://twitter.com/TeresaTrades/status/1223011097923317760
Insider Forms,@InsiderForms,2020-01-30T22:20:17.000Z,"Insider Forms
@InsiderForms
Â·
Jan 30, 2020","$ZM Emergence Capital Partners III, L.P. has filed Form SC 13G with SEC. Reporting 19.7% Ownership.",,,,,['https://pbs.twimg.com/card_img/1645907440192622592/vT84NH_E?format=jpg&name=medium'],https://twitter.com/InsiderForms/status/1223008054612037634
Vladimir Parker,@vladimirparker_,2020-01-30T16:52:51.000Z,"Vladimir Parker
@vladimirparker_
Â·
Jan 30, 2020","Investing into one-trick ponies by betting on their amazing product-market fit and the â€˜cool factorâ€™ is going to bite you big time. 

Unless CEO has the sales skills of 
@elonmusk
, itâ€™s better to stay away from such #stocks

$YELP $FIT $GPRO $WORK $ZM $DBX
#stockmarket #investing",,,,,['https://pbs.twimg.com/media/EPi0ZgMWkAA66_h?format=jpg&name=900x900'],https://twitter.com/vladimirparker_/status/1222925655672791043
Steven Rabin,@SteveRtrader,2020-01-30T14:57:43.000Z,"Steven Rabin
@SteveRtrader
Â·
Jan 30, 2020","$ZM Zoom Video may offer a buyable pullback here, at 50% Fib retrace of last swing up. After making a new relative high on recent swing-up. Nice rhythm with same size swing as previous up swing. Could keep it tight with stop under $70?",,,1,,['https://pbs.twimg.com/media/EPiZ1GcVUAI0JfY?format=png&name=medium'],https://twitter.com/SteveRtrader/status/1222896681831686144
Bret Kenwell,@BretKenwell,2020-01-30T14:41:38.000Z,"Bret Kenwell
@BretKenwell
Â·
Jan 30, 2020",Nice early action $TWLO $ZM - Zoom on R2G move.,,,,,[],https://twitter.com/BretKenwell/status/1222892632545718273
SwingTradeBot,@SwingTradeBot,2020-01-30T14:41:21.000Z,"SwingTradeBot
@SwingTradeBot
Â·
Jan 30, 2020",20 DMA Support today: $GOOGL $HDSN $CHGG $MEIP $SAVA $PLUG $TRMB $UCTT $OTLK $BR $DG $DBD $LIT $FDN $FL $IHI $ZM $MDT $CRTX $CDNS ...,,,,,['https://pbs.twimg.com/card_img/1643358562159083522/3Hre-86A?format=jpg&name=small'],https://twitter.com/SwingTradeBot/status/1222892561163005952
D,@FigureNyenterms,2020-01-30T14:35:02.000Z,"D
@FigureNyenterms
Â·
Jan 30, 2020",Look at a five year chart of $zm,,,,,[],https://twitter.com/FigureNyenterms/status/1222890971819651072
Blue Healthcare Now,@BlueBioNow,2020-01-30T05:08:21.000Z,"Blue Healthcare Now
@BlueBioNow
Â·
Jan 30, 2020",$ZM is winning today. : ) 2.53 % change recently https://blueequity.io/symbol/ZM,,,,,[],https://twitter.com/BlueBioNow/status/1222748362421571586
Erik Hilaski,@ejh470,2020-01-30T02:01:49.000Z,"Erik Hilaski
@ejh470
Â·
Jan 29, 2020","#coronaviruschina while a sad situation for ev1; $zm should benefit big time with travel cancellations..  big upside for virtual meetings.  
@jimcramer",,,,1,[],https://twitter.com/ejh470/status/1222701418806685697
Danny Naz | Trading Coach,@ThePupOfWallSt,2020-01-30T01:27:25.000Z,"Danny Naz | Trading Coach
@ThePupOfWallSt
Â·
Jan 29, 2020",$ZM Zoom Video Communications is finding some support on the 50MA. Look for this to sweep up the price back to the downtrend line. Will be compounding when we break out.,,,,,['https://pbs.twimg.com/media/EPfglDNXkAAirhH?format=jpg&name=medium'],https://twitter.com/ThePupOfWallSt/status/1222692761771692033
Scott,@livetradepro,2020-01-30T01:16:49.000Z,"Scott
@livetradepro
Â·
Jan 29, 2020","$ZM Liking this reversal setup off support, starting with the purple Raindrop followed by this beautiful balloon top breakout. Would ideally now like to see this follow through on increased volume.",,1,,2,['https://pbs.twimg.com/media/EPfeKKJX0AYbsEJ?format=jpg&name=medium'],https://twitter.com/livetradepro/status/1222690093795889152
Flash Alert,@FlashAlert_me,2020-01-31T23:57:01.000Z,"Flash Alert
@FlashAlert_me
Â·
Jan 31, 2020","$ZM filed SEC form 4: Director Gassner Peter P: 
Converted securities 487 of Class A Common Stock at price $0 on 2020-01-29, holding 487 shares  https://s.flashalert.me/sUerC",,,,,[],https://twitter.com/FlashAlert_me/status/1223394786121519110
Adventures in Financial Independence,@adventuresinfi,2020-01-31T22:37:21.000Z,"Adventures in Financial Independence
@adventuresinfi
Â·
Jan 31, 2020","Stocks I was watching in Jan
$gsx +52.9%
Chinese Online education platform with insane rev growth

$crwd +22.1%
AI cybersecurity 

$tlra +18.6%
Supply side CTV advertising platform, merging with $Rubi 

$zm +14.2%
Videoconf platform 

$YEXT +4.84%
Next gen seo

$ROKU -8.1%
CTV",,,2,2,[],https://twitter.com/adventuresinfi/status/1223374739646943235
Candlestick_stats,@dailycandlestix,2020-01-31T22:35:53.000Z,"Candlestick_stats
@dailycandlestix
Â·
Jan 31, 2020","$ZM Three White Soldiers
Daily appearances since 2020-01-02: 3
Next Day Close Â±:
Avg: 0.91
Worst: 0.07
Best: 1.76 

3 days later:
Avg: 1.48
Worst: 1.48
Best: 1.48 

5 days later:
Avg: 4.39
Worst: 4.39
Best: 4.39",,,,,[],https://twitter.com/dailycandlestix/status/1223374369704964096
25k250,@25k250,2020-01-31T21:41:26.000Z,"25k250
@25k250
Â·
Jan 31, 2020","Here is my January Performance Report
http://25k250.com/monthly-reports/â€¦

$9,634 profit for the month
38% of my goal completed

Stocks Traded:
$TGT, $DOCU, $MCD, $SFIX, $CAT, $AMAT, $CGC, $BABA, $ZM, $TWLO, $UBER, $BYND, $DIS, $TTD, $SPOT, $SHOP, $NFLX, $ROKU, $AMD, $AAPL, $AMZN, $BA, $TSLA",,,,,[],https://twitter.com/25k250/status/1223360665794043904
Greg,@Dorman06,2020-01-31T21:21:16.000Z,"Greg
@Dorman06
Â·
Jan 31, 2020",$ZM bullish engulfing one the weekly and strong and a gross tape today. One to watch on Monday if the zombie  apocalypse doesnâ€™t happen before then. Have a nice weekend all,,,1,2,[],https://twitter.com/Dorman06/status/1223355592204529664
ORB | Flexible Options Strategies for All,@OptionsRule,2020-01-31T20:59:21.000Z,"ORB | Flexible Options Strategies for All
@OptionsRule
Â·
Jan 31, 2020",Doesn't $ZM move due to this travel ban? All business interaction now will be done online,,,1,1,[],https://twitter.com/OptionsRule/status/1223350077701398529
jon,@weeklystockchar,2020-01-31T20:56:37.000Z,"jon
@weeklystockchar
Â·
Jan 31, 2020",$ZM 10m. Update. Not everything is red today. (Still long b/c trail stop didn't hit).,,1,1,2,['https://pbs.twimg.com/media/EPo1xjFX0AACwAs?format=jpg&name=medium'],https://twitter.com/weeklystockchar/status/1223349388703150083
Steven Rabin,@SteveRtrader,2020-01-31T19:47:12.000Z,"Steven Rabin
@SteveRtrader
Â·
Jan 31, 2020","$ZM Zoom > this is working.  Maybe the only thing working right now. $CME holding up, $IIPR may go back and fill in gap?  $CRSP + $QSR + $CVNA broken.  $MKTX sideways -maybe.",,,,,"['https://pbs.twimg.com/profile_images/2721156824/e17731e09e5e13f93791c4671a1c9575_normal.jpeg', 'https://pbs.twimg.com/media/EPiZ1GcVUAI0JfY?format=png&name=medium']",https://twitter.com/SteveRtrader/status/1223331919775109123
Rob Moreno,@rightviewrob,2020-01-31T19:24:39.000Z,"Rob Moreno
@rightviewrob
Â·
Jan 31, 2020","$ZM Zoom Video Communications - bounce off this week's test of the 50 dma and the short term uptrend line. The stock is up over 1% at this point in today's session. A move above the $78.79 January high, also the 38% Fib retracement level, breaks the long term downtrend line.",,1,,2,['https://pbs.twimg.com/media/EPogvGjWoAEl5I9?format=png&name=900x900'],https://twitter.com/rightviewrob/status/1223326245678714885
Most Ridiculous Bull Market Ever,@MRBullMktEver,2020-01-31T18:50:25.000Z,"Most Ridiculous Bull Market Ever
@MRBullMktEver
Â·
Jan 31, 2020",$ZM ripping almost $3 off lows as first case in NYC area means more people going to be working remotely going forward?,,,,,[],https://twitter.com/MRBullMktEver/status/1223317629085143043
IT,@IncredibleTrade,2020-01-31T18:48:38.000Z,"IT
@IncredibleTrade
Â·
Jan 31, 2020","Algos doing $ZM 
@flowalgoapp",,,,2,"['https://pbs.twimg.com/media/EPoYfd2X4AAY6kX?format=png&name=900x900', 'https://pbs.twimg.com/profile_images/841783760144150528/mjwCCO0S_normal.jpg', 'https://pbs.twimg.com/media/EPoSktmX0AEksHg?format=png&name=240x240']",https://twitter.com/IncredibleTrade/status/1223317180625948672
BKAT -,@bkatcap,2020-01-31T18:48:07.000Z,"BKAT -
@bkatcap
Â·
Jan 31, 2020","Replying to 
@Trade_With_Mr_X",ğŸ‚ ğŸ’¸ ğŸ»,1,,2,[],https://twitter.com/bkatcap/status/1223317049419669504
OptionsButterflyQueen,@archna2011,2020-01-31T18:47:22.000Z,"OptionsButterflyQueen
@archna2011
Â·
Jan 31, 2020",Just noticed $ZM is green. Not traveling to China means more Video conferencing!!!,ğŸ¦‹,,1,3,[],https://twitter.com/archna2011/status/1223316862072651776
Bret Kenwell,@BretKenwell,2020-01-31T18:42:30.000Z,"Bret Kenwell
@BretKenwell
Â·
Jan 31, 2020","$ZM - excellent RS today, +1.5%.",,,,,[],https://twitter.com/BretKenwell/status/1223315637461823489
"I Roku, Do u?",@EscobarTrades,2020-01-31T18:41:03.000Z,"I Roku, Do u?
@EscobarTrades
Â·
Jan 31, 2020",$zm pushing thru r1 now.,,,,1,[],https://twitter.com/EscobarTrades/status/1223315269734420481
Jim,@jennesscapital,2020-01-31T18:32:16.000Z,"Jim
@jennesscapital
Â·
Jan 31, 2020",$ZM  most RS in the software space today. They enable many to work from home via video and reduce travel for corporations with their video conferencing platform. Seems like a sweet spot during this flu scare.,,2,,12,[],https://twitter.com/jennesscapital/status/1223313059114094600
"I Roku, Do u?",@EscobarTrades,2020-01-31T18:28:10.000Z,"I Roku, Do u?
@EscobarTrades
Â·
Jan 31, 2020",$zm impressive from 20sma hold earlier.,,,,1,[],https://twitter.com/EscobarTrades/status/1223312031182274560
Leni,@TweetLeni,2020-01-31T18:27:46.000Z,"Leni
@TweetLeni
Â·
Jan 31, 2020",$ZM +3.15% what sell off?,,2,1,6,[],https://twitter.com/TweetLeni/status/1223311928421994497
IT,@IncredibleTrade,2020-01-31T18:22:47.000Z,"IT
@IncredibleTrade
Â·
Jan 31, 2020",More demand for $ZM as travel restrictions to China get tighter ..,,,1,6,['https://pbs.twimg.com/media/EPoSktmX0AEksHg?format=png&name=900x900'],https://twitter.com/IncredibleTrade/status/1223310673826013184
Option Pros,@TheOptionsPros,2020-01-31T18:19:15.000Z,"Option Pros
@TheOptionsPros
Â·
Jan 31, 2020",$ZM green in a blood red market... this is a tell tale sign of strength #ZM 76/78 levels next on the uptrend,,,,1,[],https://twitter.com/TheOptionsPros/status/1223309787460489217
SheepWolf,@realsheepwolf,2020-01-31T16:15:00.000Z,"SheepWolf
@realsheepwolf
Â·
Jan 31, 2020","$VERB WEALTH BUILDER--ULTIMATE BUY LOW OPPORTUNITY-OVERSOLD 5 YEAR LOWS
O/S=25m
PATENT PENDING TECH THAT RIVALS $ZM AND HUGE BIG TECH INTEGRATIONS 
OVER 937,000 MEMBERS WITH RECURRING REVENUE AND BACKLOG

$FCEL $GE $ORCL $CRM $QCOM $AAPL $CVSI $SAVA  $PLUG $ARAV $PIXY $NNVC",ğŸ’« ğŸ’« ğŸ’« ğŸ’«,,3,5,['https://pbs.twimg.com/media/EO90C73WoAArpTC.jpg'],https://twitter.com/realsheepwolf/status/1223278516566839296
Clark Joseph Kent,@JorelLaraKalel,2020-01-31T15:44:20.000Z,"Clark Joseph Kent
@JorelLaraKalel
Â·
Jan 31, 2020",These 3 Stocks Are Well-Positioned to Drive Growth in the Coming Decade: Top Financial Blogger  https://yhoo.it/37KIWpB $CTL $ZM $AAPL,,,,,[],https://twitter.com/JorelLaraKalel/status/1223270798082891777
Opricot,@opricot,2020-01-31T15:43:18.000Z,"Opricot
@opricot
Â·
Jan 31, 2020",$ZM Expiration:01/31/2020|MaxPain:73.0|High Put Open Interest:71.0(358)|High Call Open Interest:85.0(1261),,,,,['https://pbs.twimg.com/card_img/1644807065142177793/zb2QbZWn?format=png&name=240x240'],https://twitter.com/opricot/status/1223270539466289152
"I Roku, Do u?",@EscobarTrades,2020-01-31T15:24:00.000Z,"I Roku, Do u?
@EscobarTrades
Â·
Jan 31, 2020",$zm hold on 20sma so far.,,,,,[],https://twitter.com/EscobarTrades/status/1223265683808514049
SheepWolf,@realsheepwolf,2020-01-31T15:20:00.000Z,"SheepWolf
@realsheepwolf
Â·
Jan 31, 2020","$VERB THE RISE OF THE PHOENIX BABY---COMING OFF 5 YEAR LOWS
O/S=25m
PATENT PENDING TECH THAT RIVALS $ZM AND HUGE BIG TECH INTEGRATIONS 
OVER 937,000 MEMBERS WITH RECURRING REVENUE AND BACKLOG

$FCEL $GE $ORCL $CRM $QCOM $AAPL $CVSI $SAVA  $PLUG $ARAV $PIXY $BOLD $NNVC $CODX",ğŸ’« ğŸ’« ğŸ’« ğŸ’«,,3,3,['https://pbs.twimg.com/media/D9gNLYcW4AAD6aI.jpg'],https://twitter.com/realsheepwolf/status/1223264674814164993
long growth trading,@AmitayYaniv,2020-01-31T12:49:26.000Z,"long growth trading
@AmitayYaniv
Â·
Jan 31, 2020","Staying long 5 years 

$Swir 
$Akts 
$insg 
$Yext 
$Twlo 
$Zbra 
$newr 
$zm 
$estc 
$bzun 
$tdoc
$gh 
$Edit 
$mbot 
$Iivi 
$tsla
$Sq 
$fb 
$amzn 
$irbt 
$maxr
$sedg
$cgnx
$ayx
$nvta",,,,2,[],https://twitter.com/AmitayYaniv/status/1223226784235360256
Danny Naz | Trading Coach,@ThePupOfWallSt,2020-01-31T12:29:55.000Z,"Danny Naz | Trading Coach
@ThePupOfWallSt
Â·
Jan 31, 2020","$ZM Super bounce off the green trend line support, headed back to $79? I think so... DYODD 
@themotleyfool
 

https://fool.com/investing/2019/12/11/zoom-video-management-talks-enterprise-customers-z.aspxâ€¦",,1,1,,['https://pbs.twimg.com/media/EPnBzUSWkAAVu10?format=jpg&name=medium'],https://twitter.com/ThePupOfWallSt/status/1223221873661616128
T.A. Trader,@T_A_trader,2020-01-31T03:18:36.000Z,"T.A. Trader
@T_A_trader
Â·
Jan 30, 2020","Surprised to see $DDOG as someones #1. I like the guts though, I own it too!
We have similar stocks, I own all the below: 
$DDOG 
$AYX
$CRWD
$MDB
$TTD
$OKTA
$ZM
$SHOP -bought at $73 ,sold early at $150
$SQ -My #2 stock
$TWLO
$DIS
$LVGO
$AMZN - #3 stock
$CRM
$TDOC #1 stock
$TWTR",ğŸ™,1,1,5,[],https://twitter.com/T_A_trader/status/1223083130430443520
Media SentimentÂ®,@mediasentiment,2020-01-31T03:18:01.000Z,"Media SentimentÂ®
@mediasentiment
Â·
Jan 30, 2020",$ZM  new alert at http://aheadsup.com/twitter/newsentiment.html?user=usequitiesâ€¦  #stocks #daytrading  #NYSE #NASDAQ #market 2282,,,,,[],https://twitter.com/mediasentiment/status/1223082983042834432
Option Pros,@TheOptionsPros,2020-01-31T03:15:22.000Z,"Option Pros
@TheOptionsPros
Â·
Jan 30, 2020",$ZM looks like it wants to go higher #ZM,,,,,['https://pbs.twimg.com/media/EPlC4pGX0AAbu_1?format=jpg&name=medium'],https://twitter.com/TheOptionsPros/status/1223082317419286528
Sunny Po,@sunny051488,2020-01-31T02:44:09.000Z,"Sunny Po
@sunny051488
Â·
Jan 30, 2020","Replying to 
@4Awesometweet",ğŸ¤¡ ğŸŒ,,,1,[],https://twitter.com/sunny051488/status/1223074460921499648
Media SentimentÂ®,@mediasentiment,2020-02-01T23:09:31.000Z,"Media SentimentÂ®
@mediasentiment