UserScreenName,UserName,Timestamp,Text,Embedded_text,Emojis,Comments,Likes,Retweets,Image link,Tweet URL
,,2016-01-01T23:59:04.000Z,,#startupXcel: RT SteveArnold5: The Impact of the Stock Market on SaaS Valuations in 2015 https://mhb.io/e/bcty/2 ‚Ä¶ https://pic.twitter.com/wRdEIbzBqu,,,,,[],https://twitter.com/agrobazaar_msia/status/683074996781060096
Agrobazaar Online,@agrobazaar_msia,2016-01-01T23:59:03.000Z,"Agrobazaar Online
@agrobazaar_msia
¬∑
Jan 1, 2016",#startupXcel: The Impact of the Stock Market on SaaS Valuations in 2015 https://mhb.io/e/bcty/2 #Startup via ttun‚Ä¶ https://pic.twitter.com/wRdEIbzBqu,,,,3,[],https://twitter.com/agrobazaar_msia/status/683074992255451136
Jerry Friedrich,@friedrich5,2016-01-01T23:58:11.000Z,"Jerry Friedrich
@friedrich5
¬∑
Jan 1, 2016","""Stock Market Matters Daily"" for the latest in financial news! http://tinyurl.com/lk9jv9d   #stocks 
@StockTwits
 #Investing",,,,2,['https://pbs.twimg.com/card_img/1637802739924074496/A_EHHG_s?format=jpg&name=medium'],https://twitter.com/friedrich5/status/683074774164180995
SAS Ltd,@SinclairASLtd,2016-01-01T23:56:43.000Z,"SAS Ltd
@SinclairASLtd
¬∑
Jan 1, 2016",January effect: The 'January effect' has gotten the stock market right 75% of the time ... Thomson ReutersThe ... http://bit.ly/1mp4RuD,,,1,,[],https://twitter.com/SinclairASLtd/status/683074403639267328
Go Rich Now,@trumanaoconnor,2016-01-01T23:40:09.000Z,"Go Rich Now
@trumanaoconnor
¬∑
Jan 1, 2016",Don't Waste Your Money In The Stock Market - http://wp.me/p6hMq6-hk,,,,,['https://pbs.twimg.com/media/CXrAwhwWsAEKUEl?format=jpg&name=360x360'],https://twitter.com/trumanaoconnor/status/683070233540702210
Dark2Light,@526Gemini,2016-01-01T23:37:20.000Z,"Dark2Light
@526Gemini
¬∑
Jan 1, 2016",Stillness in the Storm : 2015 Was The Worst Year For The Stock Market Since... http://sitsshow.blogspot.com/2016/01/2015-was-worst-year-for-stock-market.html?spref=tw‚Ä¶,,,,,[],https://twitter.com/526Gemini/status/683069526225907718
StockMarketTips,@101StockMarket,2016-01-01T23:35:04.000Z,"StockMarketTips
@101StockMarket
¬∑
Jan 1, 2016",Stock Market Investment Tips For The Beginner - http://bit.ly/U0hFJy,,,,,[],https://twitter.com/101StockMarket/status/683068956442144768
WomELLE,@womelle,2016-01-01T23:34:36.000Z,"WomELLE
@womelle
¬∑
Jan 1, 2016","The stock market has almost no breadth (DIA, SPY, SPX, QQQ) #business",,,,,['https://pbs.twimg.com/media/CXq_fNFWEAI4P1E?format=png&name=medium'],https://twitter.com/womelle/status/683068836489392128
Bill Wilkinson,@WilkinsonBillT,2016-01-01T23:34:26.000Z,"Bill Wilkinson
@WilkinsonBillT
¬∑
Jan 1, 2016","Replying to 
@BenedictKMiller",,,,,[],https://twitter.com/WilkinsonBillT/status/683068794546212864
Richard Cliff,@Invest_201,2016-01-01T23:30:04.000Z,"Richard Cliff
@Invest_201
¬∑
Jan 1, 2016",Great Stock Market Tips Straight From The Experts - http://bit.ly/UahTxQ,,,,,[],https://twitter.com/Invest_201/status/683067699086266369
Francois,@datafrancois,2016-01-01T23:28:18.000Z,"Francois
@datafrancois
¬∑
Jan 1, 2016","The stock market has almost no breadth (DIA, SPY, SPX, QQQ) http://ift.tt/1TZYpEx",,,,,[],https://twitter.com/datafrancois/status/683067253059907584
KingHorrell,@HarrisonHorrell,2016-01-01T23:24:14.000Z,"KingHorrell
@HarrisonHorrell
¬∑
Jan 1, 2016","Replying to 
@joesanders33",,,,,[],https://twitter.com/HarrisonHorrell/status/683066230543093761
Adelaja olufemi,@olufemiadelaja,2016-01-01T23:22:52.000Z,"Adelaja olufemi
@olufemiadelaja
¬∑
Jan 1, 2016","The stock market has almost no breadth (DIA, SPY, SPX, QQQ): The S&P 500 is down modestly since the beginning ... http://bit.ly/1QV3BMd",,,,,[],https://twitter.com/olufemiadelaja/status/683065884735225857
Scott Albertson,@ScottAAlbertson,2016-01-01T23:22:19.000Z,"Scott Albertson
@ScottAAlbertson
¬∑
Jan 1, 2016",The stock market's breadth is unusually shallow https://lnkd.in/erceJ73,,,,,[],https://twitter.com/ScottAAlbertson/status/683065748458110979
Today's Deals,@Todayz_Deals,2016-01-01T23:22:02.000Z,"Today's Deals
@Todayz_Deals
¬∑
Jan 1, 2016","The stock market has almost no breadth (DIA, SPY, SPX, QQQ): The S&P 500 is down modestly since the beginning ... http://bit.ly/1mIR9m3",,,,,[],https://twitter.com/Todayz_Deals/status/683065675036798976
Gospel,@gospelgee,2016-01-01T23:21:55.000Z,"Gospel
@gospelgee
¬∑
Jan 1, 2016","ff: 
@gospelgee
 The stock market has almost no breadth (DIA, SPY, SPX, QQQ): The S&P 500 is down modestly since... http://bit.ly/1QV3BMd",,,,,[],https://twitter.com/gospelgee/status/683065645936738304
Ugofiafia,@_itsUgo,2016-01-01T23:21:49.000Z,"Ugofiafia
@_itsUgo
¬∑
Jan 1, 2016","The stock market has almost no breadth (DIA, SPY, SPX, QQQ): The S&P 500 is down modestly since the beginning ... http://bit.ly/1QV3BMd",,,,,[],https://twitter.com/_itsUgo/status/683065619768451072
The new information makes possible the new ideas,@AreadeNoticias,2016-01-01T23:21:38.000Z,"The new information makes possible the new ideas
@AreadeNoticias
¬∑
Jan 1, 2016","The stock market has almost no breadth (DIA, SPY, SPX, QQQ) http://bit.ly/1mp1Iuy #Noticias #Economia",,,,1,[],https://twitter.com/AreadeNoticias/status/683065575292076032
Aryeh,@AryehsSharings,2016-01-01T23:21:36.000Z,"Aryeh
@AryehsSharings
¬∑
Jan 1, 2016","The stock market has almost no breadth (DIA, SPY, SPX, QQQ): The S&P 500 is down modestly... http://bit.ly/1QV3BMd via 
@Business
 Inside",,,,,[],https://twitter.com/AryehsSharings/status/683065565431246849
Mississippi Lime Oil,@LimeMississippi,2016-01-01T23:20:25.000Z,"Mississippi Lime Oil
@LimeMississippi
¬∑
Jan 1, 2016",2016 Gloom or Boom: Will Rising US Interest Rates Crush Stock Markets? - Forbes: Forbes2016 Gloom or Boom: Wil... http://bit.ly/1UkZZRs,,,,,[],https://twitter.com/LimeMississippi/status/683065268080230400
Barnett Shale Play,@BarnettShaleGas,2016-01-01T23:20:24.000Z,"Barnett Shale Play
@BarnettShaleGas
¬∑
Jan 1, 2016",2016 Gloom or Boom: Will Rising US Interest Rates Crush Stock Markets? - Forbes: Forbes2016 Gloom or Boom: Wil... http://bit.ly/1UkZZRs,,,,,[],https://twitter.com/BarnettShaleGas/status/683065266360598528
Marcellus Shale Gas,@MarcellusGasMan,2016-01-01T23:20:24.000Z,"Marcellus Shale Gas
@MarcellusGasMan
¬∑
Jan 1, 2016",2016 Gloom or Boom: Will Rising US Interest Rates Crush Stock Markets? - Forbes: Forbes2016 Gloom or Boom: Wil... http://bit.ly/1UkZZRs,,,,,[],https://twitter.com/MarcellusGasMan/status/683065264187944960
Eagle Ford Oil,@EagleFordOil,2016-01-01T23:20:23.000Z,"Eagle Ford Oil
@EagleFordOil
¬∑
Jan 1, 2016",2016 Gloom or Boom: Will Rising US Interest Rates Crush Stock Markets? - Forbes: Forbes2016 Gloom or Boom: Wil... http://bit.ly/1UkZZRs,,,,,[],https://twitter.com/EagleFordOil/status/683065262115958784
Bakken Oil Play,@BakkenOilMan,2016-01-01T23:20:23.000Z,"Bakken Oil Play
@BakkenOilMan
¬∑
Jan 1, 2016",2016 Gloom or Boom: Will Rising US Interest Rates Crush Stock Markets? - Forbes: Forbes2016 Gloom or Boom: Wil... http://bit.ly/1UkZZRs,,,,,[],https://twitter.com/BakkenOilMan/status/683065260350128128
David,@follownewsnow1,2016-01-01T23:19:46.000Z,"David
@follownewsnow1
¬∑
Jan 1, 2016",#markets #stocks Generating trading rules on the stock markets with genetic programming  http://goo.gl/pF93kb,,,,,[],https://twitter.com/follownewsnow1/status/683065103961341952
Ruggero Respigo,@RuggeroRespigo,2016-01-01T23:19:28.000Z,"Ruggero Respigo
@RuggeroRespigo
¬∑
Jan 1, 2016","Ruggero Respigo : China, Japan, New Zealand Asia's Best Performing Stock Markets In 2015 via /r/NewsChina http://reddit.com/r/NewsChina/comments/3z2k8d/china_japan_new_zealand_asias_best_performing/?ref=search_posts‚Ä¶",,,,,[],https://twitter.com/RuggeroRespigo/status/683065029835505665
Daniel Newman,@danielnewmanUV,2016-01-01T23:19:09.000Z,"Daniel Newman
@danielnewmanUV
¬∑
Jan 1, 2016",2016 Gloom or Boom: Will Rising US Interest Rates Crush Stock Markets?,,,,,[],https://twitter.com/danielnewmanUV/status/683064949216776192
Indonesiaku,@IndonesiaTL,2016-01-01T23:19:02.000Z,"Indonesiaku
@IndonesiaTL
¬∑
Jan 1, 2016",Stock Market: What Were Indonesia's Top Picks in 2015? - Indonesia Investments (press release) http://dlvr.it/D8xcDG,,,,,[],https://twitter.com/IndonesiaTL/status/683064921991417857
SWI-Investments,@swi_investments,2016-01-01T23:14:04.000Z,"SWI-Investments
@swi_investments
¬∑
Jan 1, 2016",Simple Things You Could Do To Make Money In The Stock Market #investing http://wp.me/p6r3LW-5L,,,,,['https://pbs.twimg.com/media/CXq05ftWYAAB4rr?format=jpg&name=360x360'],https://twitter.com/swi_investments/status/683063670616801280
Uhoh It's Dad!,@DigBeingADad,2016-01-01T23:12:39.000Z,"Uhoh It's Dad!
@DigBeingADad
¬∑
Jan 1, 2016",The way to make a small fortune in the stock market is to start with a large one.,,,,,[],https://twitter.com/DigBeingADad/status/683063312993533952
Finance Trends,@FinanceTrends,2016-01-01T23:11:21.000Z,"Finance Trends
@FinanceTrends
¬∑
Jan 1, 2016","NEW: Markets are Living, Breathing Organisms. You Must Adapt. http://bit.ly/1O03vwO $SPY $USO $XLE $AAPL",,,,1,[],https://twitter.com/FinanceTrends/status/683062985712087040
SPORTSXDIGITAL,@SPORTSXDIGITAL,2016-01-01T23:09:03.000Z,"SPORTSXDIGITAL
@SPORTSXDIGITAL
¬∑
Jan 1, 2016",The 'January effect' has gotten the stock market right 75% of the time #economy http://wordlink.com/l/3xNN2,üèà üèÄ ‚öæ üèí,,,1,['https://pbs.twimg.com/media/CXq5o-6WsAAoVlB?format=jpg&name=small'],https://twitter.com/SPORTSXDIGITAL/status/683062407346925568
Amy Kamin,@kamin4,2016-01-01T23:08:18.000Z,"Amy Kamin
@kamin4
¬∑
Jan 1, 2016","Replying to 
@realDonaldTrump",,,,,[],https://twitter.com/kamin4/status/683062220880625664
Gianluca Esposito,@_gianespo,2016-01-01T23:08:14.000Z,"Gianluca Esposito
@_gianespo
¬∑
Jan 1, 2016",Microsoft will ring the #Nasdaq stock market opening bell during celebration of 5th annual #FitWeek http://nasdaq.com/press-release/microsoft-corporation-nasdaqmsft-microsoft-band-and-microsoft-health-to-ring-the-nasdaq-stock-20151231-00170‚Ä¶ #MicrosoftHealth,,,,1,[],https://twitter.com/_gianespo/status/683062201989619712
PT. BI Group Mining,@BerlandGroup,2016-01-01T23:08:02.000Z,"PT. BI Group Mining
@BerlandGroup
¬∑
Jan 1, 2016",STOCK MARKET: IDX Seeks to Reap IDR500 Trillion Next Year #IDX #BEI #Indonesia #IHSG http://business.bisnis.com/read/20151231/‚Ä¶,,,,,['https://pbs.twimg.com/media/CXhlNJcUkAIyS_V?format=jpg&name=small'],https://twitter.com/BerlandGroup/status/683062153637576704
Adam Swidler,@BigPapaSwid,2016-01-01T23:07:12.000Z,"Adam Swidler
@BigPapaSwid
¬∑
Jan 1, 2016","First off with the drink exchange, stock market concept....it's ok.  Prices change as items are sold.  Drinking a Brooklyn lager",,,,,[],https://twitter.com/BigPapaSwid/status/683061943565959168
Barry Watts,@winvest2311,2016-01-01T23:05:32.000Z,"Barry Watts
@winvest2311
¬∑
Jan 1, 2016",Free #Stock Market# Charts on http://StockMarketNews.tips 1,,,1,1,[],https://twitter.com/winvest2311/status/683061521446903808
The Map Stories,@themapstories,2016-01-01T22:54:02.000Z,"The Map Stories
@themapstories
¬∑
Jan 1, 2016",The 'January effect' has gotten the stock market right 75% of the time http://themapstories.net/news/81392/the-january-effect-has-gotten-the-stock-market-right-75-of-the-time‚Ä¶,,,,,[],https://twitter.com/themapstories/status/683058627221950464
onlinemarketingbiz,@emarketingtoolz,2016-01-01T22:52:15.000Z,"onlinemarketingbiz
@emarketingtoolz
¬∑
Jan 1, 2016","American Stock Investor: The ultimate stock market investing course, a comprehensive stock‚Ä¶ http://goo.gl/fb/N7BJc9",,,,,[],https://twitter.com/emarketingtoolz/status/683058179337547780
Ruggero Respigo,@RuggeroRespigo,2016-01-01T22:49:18.000Z,"Ruggero Respigo
@RuggeroRespigo
¬∑
Jan 1, 2016",Ruggero Respigo : The 'January effect' has gotten the stock market right 75% of the time via /r/business http://reddit.com/r/business/comments/3z2eck/the_january_effect_has_gotten_the_stock_market/?ref=search_posts‚Ä¶,,,,,[],https://twitter.com/RuggeroRespigo/status/683057437201534976
Setforwork,@setforwork,2016-01-01T22:49:16.000Z,"Setforwork
@setforwork
¬∑
Jan 1, 2016","The stock market has almost no breadth (DIA, SPY, SPX, QQQ) http://ift.tt/1TZYpEx",,,,,[],https://twitter.com/setforwork/status/683057427688771584
News Hub,@PetrinaRigby,2016-01-01T22:48:34.000Z,"News Hub
@PetrinaRigby
¬∑
Jan 1, 2016",Investment And Business: Learn to invest in the stock market using the internet and advanced strategies. http://dlvr.it/D8x9YR,,,,,[],https://twitter.com/PetrinaRigby/status/683057254212358144
Investment Site,@InvestmentSite1,2016-01-01T22:48:20.000Z,"Investment Site
@InvestmentSite1
¬∑
Jan 1, 2016",Simple Things You Could Do To Make Money In The Stock Market #investing http://wp.me/p6r3LW-5L,,,,,['https://pbs.twimg.com/media/CXq05ftWYAAB4rr?format=jpg&name=360x360'],https://twitter.com/InvestmentSite1/status/683057193579581440
IG: LOLSpectacle,@LOLspectacle,2016-01-01T22:47:38.000Z,"IG: LOLSpectacle
@LOLspectacle
¬∑
Jan 1, 2016",#USAfricaBF Trendy: The stock market has almost no breadth http://read.bi/1mcMd9b ‚Ä¶ https://pic.twitter.com/ddk0VdorJn,,,,,['https://pbs.twimg.com/media/CXq0vRgWMAQRAmA?format=png&name=medium'],https://twitter.com/LOLspectacle/status/683057017951498241
Ronzel,@ronstew,2016-01-01T22:46:11.000Z,"Ronzel
@ronstew
¬∑
Jan 1, 2016",The 'January effect' has gotten the stock market right 75% of the time http://ow.ly/39CTxK,,,,,[],https://twitter.com/ronstew/status/683056654942900224
ProjectNOK,@projectnokng,2016-01-01T22:44:41.000Z,"ProjectNOK
@projectnokng
¬∑
Jan 1, 2016",#USAfricaBF Trendy: The stock market has almost no breadth http://read.bi/1mcMd9b ‚Ä¶ https://pic.twitter.com/ZlKtaqdOpD,,,,,['https://pbs.twimg.com/media/CXq0EFOWkAAdCBE?format=png&name=medium'],https://twitter.com/projectnokng/status/683056275865886720
WomELLE,@womelle,2016-01-01T22:34:26.000Z,"WomELLE
@womelle
¬∑
Jan 1, 2016",The 'January effect' has gotten the stock market right 75% of the time #business,,,,,['https://pbs.twimg.com/media/CXqxt-CWsAACUkD?format=jpg&name=small'],https://twitter.com/womelle/status/683053696943546369
Jc,@Jc_ArtsCase,2016-01-01T22:33:33.000Z,"Jc
@Jc_ArtsCase
¬∑
Jan 1, 2016",The stock market has almost no breadth http://read.bi/1mcMd9b,,,,,['https://pbs.twimg.com/media/CXqv0C5WsAEfYiA?format=png&name=medium'],https://twitter.com/Jc_ArtsCase/status/683053476226723840
123Investment,@123Investment,2016-01-01T22:33:03.000Z,"123Investment
@123Investment
¬∑
Jan 1, 2016",Tips To Help You Invest In The Stock Market - http://bit.ly/1sxgtwi,,,2,,[],https://twitter.com/123Investment/status/683053350544371713
Sold by Matt Quag,@soldbymattquag,2016-01-01T22:31:16.000Z,"Sold by Matt Quag
@soldbymattquag
¬∑
Jan 1, 2016",The 'January effect' has gotten the stock market right 75% of the time http://ow.ly/39CSCo,,,,,[],https://twitter.com/soldbymattquag/status/683052899082047494
BeyondNews,@BeyondnewsOrg,2016-01-01T22:30:30.000Z,"BeyondNews
@BeyondnewsOrg
¬∑
Jan 1, 2016","Retweeted BI Markets (
@themoneygame
):

The stock market has almost no breadth http://read.bi/1mcMd9b... http://fb.me/21rPsIUMg",,,,,[],https://twitter.com/BeyondnewsOrg/status/683052708417277952
Julio Villegas,@JulioGambito,2016-01-01T22:30:28.000Z,"Julio Villegas
@JulioGambito
¬∑
Jan 1, 2016",The stock market has almost no breadth http://read.bi/1mcMd9b,,,,,['https://pbs.twimg.com/media/CXqv0C5WsAEfYiA?format=png&name=medium'],https://twitter.com/JulioGambito/status/683052700083351553
Julie Wood Coach,@CashQueens2,2016-01-01T22:30:06.000Z,"Julie Wood Coach
@CashQueens2
¬∑
Jan 1, 2016",Money Exchange Q&A 31st July 2015  #stock market http://youtu.be/DQOsZLppTzE,,,1,1,[],https://twitter.com/CashQueens2/status/683052608093720576
May Tan,@MayTan43,2016-01-01T22:30:03.000Z,"May Tan
@MayTan43
¬∑
Jan 1, 2016",Best Guide On How To Be Successful In The Stock Market - http://bit.ly/UJDttq,,,,,[],https://twitter.com/MayTan43/status/683052592625246209
Francois,@datafrancois,2016-01-01T22:28:21.000Z,"Francois
@datafrancois
¬∑
Jan 1, 2016",The 'January effect' has gotten the stock market right 75% of the time http://ift.tt/1SqYmDq,,,,,[],https://twitter.com/datafrancois/status/683052164999188481
Shanna,@ShannaIDK,2016-01-01T22:27:23.000Z,"Shanna
@ShannaIDK
¬∑
Jan 1, 2016","The stock market's best regional performers in 2015 http://Philly.com Manny, Moe & Jack had cause to smile.‚Ä¶ http://dlvr.it/D8x2Zs",,,,,[],https://twitter.com/ShannaIDK/status/683051922664730624
Berta Crispi,@BertaCrispi,2016-01-01T22:27:05.000Z,"Berta Crispi
@BertaCrispi
¬∑
Jan 1, 2016","The stock market took investors for a wild ride in 2015, but in the end it was a trip to nowhere. Despite veering between record highs and",,,,,[],https://twitter.com/BertaCrispi/status/683051845498068993
Biz Ins,@mshbizins,2016-01-01T22:26:10.000Z,"Biz Ins
@mshbizins
¬∑
Jan 1, 2016","New post: ""The 'January effect' has gotten the stock market right 75% of the time"" http://ift.tt/1SqYmDq",,,,,[],https://twitter.com/mshbizins/status/683051617730572289
Insider Finance,@insiderfinance,2016-01-01T22:26:08.000Z,"Insider Finance
@insiderfinance
¬∑
Jan 1, 2016",The stock market has almost no breadth http://read.bi/1mcMd9b,,,5,2,['https://pbs.twimg.com/media/CXqv0ezWwAE5joA?format=png&name=medium'],https://twitter.com/insiderfinance/status/683051609811750913
Markets Insider,@MktsInsider,2016-01-01T22:26:08.000Z,"Markets Insider
@MktsInsider
¬∑
Jan 1, 2016",The stock market has almost no breadth http://read.bi/1mcMd9b,,,1,6,['https://pbs.twimg.com/media/CXqv0RAWQAA838s?format=png&name=medium'],https://twitter.com/MktsInsider/status/683051606103961601
eSmartMe,@esmartme,2016-01-01T22:25:46.000Z,"eSmartMe
@esmartme
¬∑
Jan 1, 2016",The 'January effect' has gotten the stock market right 75% of the time http://ift.tt/1SqYmDq,,,,,['https://pbs.twimg.com/media/CXqvu6IWcAAKe8P?format=jpg&name=small'],https://twitter.com/esmartme/status/683051514114486276
The Map Stories,@themapstories,2016-01-01T22:24:02.000Z,"The Map Stories
@themapstories
¬∑
Jan 1, 2016","Wall Street's most persistent bull unveils his 6-point case for a double-digit stock market rally this year (SPX, SP http://themapstories.net/news/81230/wall-streets-most-persistent-bull-unveils-his-6-point-case-for-a-double-digit-stock-market-rally-this-year-spx-spy-qqq-dji-ixic-tlt-tlo-ust-usd‚Ä¶",,,,,[],https://twitter.com/themapstories/status/683051078305345537
Ezra,@Ezrathewuff,2016-01-01T22:22:37.000Z,"Ezra
@Ezrathewuff
¬∑
Jan 1, 2016",The stock market closed; I couldn't sell my turnips on the final turn... :c,,1,,1,[],https://twitter.com/Ezrathewuff/status/683050722892615680
SAS Ltd,@SinclairASLtd,2016-01-01T22:22:26.000Z,"SAS Ltd
@SinclairASLtd
¬∑
Jan 1, 2016",Generating trading rules on the stock markets with genetic programming: Generating trading rules on the stock ... http://bit.ly/1R4XTI3,,,,,[],https://twitter.com/SinclairASLtd/status/683050677333929984
Adelaja olufemi,@olufemiadelaja,2016-01-01T22:21:35.000Z,"Adelaja olufemi
@olufemiadelaja
¬∑
Jan 1, 2016",The 'January effect' has gotten the stock market right 75% of the time: Thomson ReutersNEW YORK (Reuters) - As... http://bit.ly/1Oy89l4,,,,,[],https://twitter.com/olufemiadelaja/status/683050461151145985
üÖºüÜàüÜÅ,@mayor1012003,2016-01-01T22:21:31.000Z,"üÖºüÜàüÜÅ
@mayor1012003
¬∑
Jan 1, 2016",The 'January effect' has gotten the stock market right 75% of the time: Thomson ReutersNEW YORK (Reuters) - As... http://bit.ly/1Oy89l4,üÖ∞ üÖæ ‚ñ´,,,,[],https://twitter.com/mayor1012003/status/683050445024043008
Tom Petruno,@tpetruno,2016-01-01T22:20:56.000Z,"Tom Petruno
@tpetruno
¬∑
Jan 1, 2016",The U.S. stock bull market stalled in 2015. Not so in Japan and Europe. Now what? http://latimes.com/business/la-fi-markets-wrap-20160101-story.html‚Ä¶,,,1,,[],https://twitter.com/tpetruno/status/683050299552993280
Today's Deals,@Todayz_Deals,2016-01-01T22:20:45.000Z,"Today's Deals
@Todayz_Deals
¬∑
Jan 1, 2016",The 'January effect' has gotten the stock market right 75% of the time: Thomson ReutersNEW YORK (Reuters) - As... http://bit.ly/1Oy8bcD,,,1,,[],https://twitter.com/Todayz_Deals/status/683050253923123202
Gospel,@gospelgee,2016-01-01T22:20:37.000Z,"Gospel
@gospelgee
¬∑
Jan 1, 2016","ff: 
@gospelgee
 The 'January effect' has gotten the stock market right 75% of the time: Thomson ReutersNEW YORK... http://bit.ly/1Oy89l4",,,,,[],https://twitter.com/gospelgee/status/683050218565177344
Ugofiafia,@_itsUgo,2016-01-01T22:20:32.000Z,"Ugofiafia
@_itsUgo
¬∑
Jan 1, 2016",The 'January effect' has gotten the stock market right 75% of the time: Thomson ReutersNEW YORK (Reuters) - As... http://bit.ly/1Oy89l4,,,,,[],https://twitter.com/_itsUgo/status/683050200282222592
yourDaddy!,@beejaymeisters,2016-01-01T22:20:26.000Z,"yourDaddy!
@beejaymeisters
¬∑
Jan 1, 2016",The 'January effect' has gotten the stock market right 75% of the time: Thomson ReutersNEW YORK (Reuters) - As... http://bit.ly/1Oy89l4,,,,,[],https://twitter.com/beejaymeisters/status/683050175229657088
The new information makes possible the new ideas,@AreadeNoticias,2016-01-01T22:20:19.000Z,"The new information makes possible the new ideas
@AreadeNoticias
¬∑
Jan 1, 2016",The 'January effect' has gotten the stock market right 75% of the time http://bit.ly/1Oy8c0f #Noticias #Economia,,,,,[],https://twitter.com/AreadeNoticias/status/683050145903063040
Aryeh,@AryehsSharings,2016-01-01T22:20:17.000Z,"Aryeh
@AryehsSharings
¬∑
Jan 1, 2016","The 'January effect' has gotten the stock market right 75% of the time: Thomson ReutersNE... http://bit.ly/1Oy89l4 via 
@Business
 Inside",,,,,[],https://twitter.com/AryehsSharings/status/683050135639560192
Business Insider,@NewsdeskInsider,2016-01-01T22:20:12.000Z,"Business Insider
@NewsdeskInsider
¬∑
Jan 1, 2016",The 'January effect' has gotten the stock market right 75% of the time: Thomson ReutersNEW YORK (Reuters) - As... http://bit.ly/1Oy89l4,,,,,[],https://twitter.com/NewsdeskInsider/status/683050114030542848
IG: LOLSpectacle,@LOLspectacle,2016-01-01T22:18:46.000Z,"IG: LOLSpectacle
@LOLspectacle
¬∑
Jan 1, 2016",#USAfricaBF Trendy: The 'January effect' has gotten the stock market right 75% of the time‚Ä¶ https://pic.twitter.com/JAwXnvYpvx,,,,,['https://pbs.twimg.com/media/CXquIbiWcAEFDng?format=jpg&name=900x900'],https://twitter.com/LOLspectacle/status/683049753471483904
Hedge Funds,@hedgefundsew,2016-01-01T22:16:24.000Z,"Hedge Funds
@hedgefundsew
¬∑
Jan 1, 2016",Stock Valuations and Returns in 2015: Most global stock markets got spanked in 2015.  The average country lost... http://bit.ly/1Oy7G2a,,,,,[],https://twitter.com/hedgefundsew/status/683049159184625664
My name... is MUERTE,@mynameismuerte,2016-01-01T22:16:05.000Z,"My name... is MUERTE
@mynameismuerte
¬∑
Jan 1, 2016",The way to make a small fortune in the stock market is to start with a large one.,,,,,[],https://twitter.com/mynameismuerte/status/683049078502993920
JoodiG,@JoodiG,2016-01-01T22:14:09.000Z,"JoodiG
@JoodiG
¬∑
Jan 1, 2016","Replying to 
@CaeruleanSea",,1,,1,[],https://twitter.com/JoodiG/status/683048594253963264
Continue Education,@PatriceKiraly,2016-01-01T22:14:06.000Z,"Continue Education
@PatriceKiraly
¬∑
Jan 1, 2016",Trade Education: Become your own boss and learn how to trade in the stock market. http://dlvr.it/D8wvvs,,,,,[],https://twitter.com/PatriceKiraly/status/683048579351490560
Education & Family,@BeatrizWillough,2016-01-01T22:14:04.000Z,"Education & Family
@BeatrizWillough
¬∑
Jan 1, 2016",Trade Education: Become your own boss and learn how to trade in the stock market. http://dlvr.it/D8wrF9,,,,,[],https://twitter.com/BeatrizWillough/status/683048571583598592
Shaf,@Shaf303,2016-01-01T22:12:43.000Z,"Shaf
@Shaf303
¬∑
Jan 1, 2016","Replying to 
@LisaClavering",,1,,,[],https://twitter.com/Shaf303/status/683048232423976963
MillionaireLifestyle,@MillionaireZone,2016-01-01T22:12:01.000Z,"MillionaireLifestyle
@MillionaireZone
¬∑
Jan 1, 2016","2016 Gloom or Boom: Will Rising US Interest Rates Crush Stock Markets? - Forbes http://izc0q.tk
 #stockmarket #invest",,,,,[],https://twitter.com/MillionaireZone/status/683048057408061440
PennyStocks Girl,@DanaMirabito,2016-01-01T22:12:01.000Z,"PennyStocks Girl
@DanaMirabito
¬∑
Jan 1, 2016","2016 Gloom or Boom: Will Rising US Interest Rates Crush Stock Markets? - Forbes http://w0gbe.tk
 #stockmarket #invest",,,,1,[],https://twitter.com/DanaMirabito/status/683048053670940672
PennyStock Fans,@DiannaWeisse,2016-01-01T22:12:00.000Z,"PennyStock Fans
@DiannaWeisse
¬∑
Jan 1, 2016","2016 Gloom or Boom: Will Rising US Interest Rates Crush Stock Markets? - Forbes http://0vfxe.tk
 #stockmarket #invest",,,,,[],https://twitter.com/DiannaWeisse/status/683048050248400901
Business News,@BusinessNewzzz,2016-01-01T22:11:43.000Z,"Business News
@BusinessNewzzz
¬∑
Jan 1, 2016",Foreign-focused stock funds post 2nd week of big outflows - ici #news #market #business http://j.mp/1kvoQpu,,,,,['https://pbs.twimg.com/media/CXqshLCWAAIrkKx?format=png&name=medium'],https://twitter.com/BusinessNewzzz/status/683047981839441920
shockingnewsbot,@shockingnewsbot,2016-01-01T22:11:04.000Z,"shockingnewsbot
@shockingnewsbot
¬∑
Jan 1, 2016",Stubborn bubbles washing everything  8 am in Basketball Court.  Pablo Williams reporting for Stock Market station.,,,,,[],https://twitter.com/shockingnewsbot/status/683047815237517312
PureDecisions,@PureDecisions,2016-01-01T22:10:56.000Z,"PureDecisions
@PureDecisions
¬∑
Jan 1, 2016",#Liquified #Refinery #Gases #Aliphatics #Feed #Stock #Use : hazy Jan market forecast. http://dg-di.com/DG/WMR/P29116_M.htm‚Ä¶ #MarketResearch,,,,,[],https://twitter.com/PureDecisions/status/683047784669396992
Marc Stock,@marc_stock,2016-01-01T22:01:40.000Z,"Marc Stock
@marc_stock
¬∑
Jan 1, 2016",Why Some People Always Make Money In The #Forex #Market While The Uninformed Lose  http://pine212.fpcog.hop.clickbank.net #tradingforex #forextrader,,,,1,[],https://twitter.com/marc_stock/status/683045449243189252
Young Learning,@HayleyStansifer,2016-01-01T22:01:34.000Z,"Young Learning
@HayleyStansifer
¬∑
Jan 1, 2016",Trade Education: Become your own boss and learn how to trade in the stock market. http://dlvr.it/D8wbW5,,,,,[],https://twitter.com/HayleyStansifer/status/683045424920268801
Victor,@highranksquad,2016-01-01T22:01:08.000Z,"Victor
@highranksquad
¬∑
Jan 1, 2016",Stock markets: the Guardian's tips for 2016 - The Guardian http://goo.gl/fb/5QzE4Q,,,,,[],https://twitter.com/highranksquad/status/683045315222568960
Stock Market time,@StockMarkettime,2016-01-01T22:00:32.000Z,"Stock Market time
@StockMarkettime
¬∑
Jan 1, 2016",Saudi Arabia: Could This Spark a Stock Market Crash in 2016? - Profit Confidential http://dlvr.it/D8wY7G,,,,,[],https://twitter.com/StockMarkettime/status/683045165808750592
Julio Villegas,@JulioGambito,2016-01-01T22:00:31.000Z,"Julio Villegas
@JulioGambito
¬∑
Jan 1, 2016",The 'January effect' has gotten the stock market right 75% of the time http://read.bi/1NWCf4o,,,,,[],https://twitter.com/JulioGambito/status/683045161056759808
Stock Investing,@101stockmaster,2016-01-01T22:00:10.000Z,"Stock Investing
@101stockmaster
¬∑
Jan 1, 2016",#stock - Earn Extra Money With The Stock Market Tips Found Right Here - http://online-stock-trading-investing.com/earn-extra-money-with-the-stock-market-tips-found-right-here-3/‚Ä¶,,,1,,[],https://twitter.com/101stockmaster/status/683045071277527040
Steve Briggs,@BriggsSteve,2016-01-01T21:58:40.000Z,"Steve Briggs
@BriggsSteve
¬∑
Jan 1, 2016",BBC News - The stock market crash of 1987: What have we learned? http://bbc.co.uk/news/business-19994566‚Ä¶,,,,1,[],https://twitter.com/BriggsSteve/status/683044694520131585
Pritesh Patel,@priteshpatel9,2016-01-01T21:58:17.000Z,"Pritesh Patel
@priteshpatel9
¬∑
Jan 1, 2016","Question on 
@Quora
: Is the stock market ""rigged""? https://quora.com/Is-the-stock-market-rigged?srid=kTNc&share=80bff3e1‚Ä¶",,2,2,1,[],https://twitter.com/priteshpatel9/status/683044598533480451
Paul Acheampong,@PaulAcheampong,2016-01-01T21:55:47.000Z,"Paul Acheampong
@PaulAcheampong
¬∑
Jan 1, 2016","@thesunCS
 ...there were a few interesting articles including the one on stock market shares, I tried trading once, please have a good...",,,,,[],https://twitter.com/PaulAcheampong/status/683043971468255232
Insider Cannabis,@CannabisInsider,2016-01-01T21:53:20.000Z,"Insider Cannabis
@CannabisInsider
¬∑
Jan 1, 2016",The 'January effect' has gotten the stock market right 75% of the time http://read.bi/1NWCf4o,,,1,1,[],https://twitter.com/CannabisInsider/status/683043352741306368
Markets Insider,@MktsInsider,2016-01-01T21:53:20.000Z,"Markets Insider
@MktsInsider
¬∑
Jan 1, 2016",The 'January effect' has gotten the stock market right 75% of the time http://read.bi/1NWCf4o,,,,5,[],https://twitter.com/MktsInsider/status/683043351675957250
Insider Finance,@insiderfinance,2016-01-01T21:53:19.000Z,"Insider Finance
@insiderfinance
¬∑
Jan 1, 2016",The 'January effect' has gotten the stock market right 75% of the time http://read.bi/1NWCf4o,,,1,1,[],https://twitter.com/insiderfinance/status/683043350660943874
Insider Business,@BusinessInsider,2016-01-01T21:53:19.000Z,"Insider Business
@BusinessInsider
¬∑
Jan 1, 2016",The 'January effect' has gotten the stock market right 75% of the time http://read.bi/1NWCf4o,,1,23,28,[],https://twitter.com/BusinessInsider/status/683043349578788864
Day Trading School,@D_T_S_S,2016-01-02T23:58:02.000Z,"Day Trading School
@D_T_S_S
¬∑
Jan 2, 2016",2015 stock market predictions canada: Alternatives arrives in a number of special robot review can we make mon... http://bit.ly/1UnirZR,,,,,[],https://twitter.com/D_T_S_S/status/683437122703900673
Jerry Friedrich,@friedrich5,2016-01-02T23:58:00.000Z,"Jerry Friedrich
@friedrich5
¬∑
Jan 2, 2016","""Stock Market Matters Daily"" for the latest in financial news! http://tinyurl.com/lk9jv9d   #stocks 
@StockTwits
 #Investing",,,,1,['https://pbs.twimg.com/card_img/1637802739924074496/A_EHHG_s?format=jpg&name=medium'],https://twitter.com/friedrich5/status/683437113157808128
Douglas G. Thomas,@douginrrnm,2016-01-02T23:55:31.000Z,"Douglas G. Thomas
@douginrrnm
¬∑
Jan 2, 2016","Just heard on Fox News: ""Stock market profits have no relation to intelligence. If it did, all the smart people would have all the money.""",,,,,[],https://twitter.com/douginrrnm/status/683436490207039489
Inman,@Inman,2016-01-02T23:55:08.000Z,"Inman
@Inman
¬∑
Jan 2, 2016",The stock market rose in relief that the Fed was not more aggressive in its words or projec‚Ä¶ http://inman.com/2015/12/18/interest-rates-have-lifted-off-this-week-in-the-market/‚Ä¶,,,,1,['https://pbs.twimg.com/media/CXwNx4_WMAAJDa0?format=png&name=medium'],https://twitter.com/Inman/status/683436394551853056
DEPLORABLE DEVIL DOG,@leatherneck111,2016-01-02T23:52:02.000Z,"DEPLORABLE DEVIL DOG
@leatherneck111
¬∑
Jan 2, 2016","Replying to 
@Woldemort2",,,,,[],https://twitter.com/leatherneck111/status/683435614851731456
Victor,@highranksquad,2016-01-02T23:47:19.000Z,"Victor
@highranksquad
¬∑
Jan 2, 2016",Stock markets: the Guardian's tips for 2016 - The Guardian http://goo.gl/fb/wpl88n,,,,,[],https://twitter.com/highranksquad/status/683434425829437440
clayton,@clayton_dd,2016-01-02T23:39:12.000Z,"clayton
@clayton_dd
¬∑
Jan 2, 2016","EEM iShares MSCI Emerging Markets 52Wk High
http://dlvr.it/D9KfvJ

$EEM $MAX.TO $UPRO $CCRN #EEM #stock #stockmarket",,,,,[],https://twitter.com/clayton_dd/status/683432382511226880
Nagaraju Tadakaluri,@nagatraju,2016-01-02T23:38:03.000Z,"Nagaraju Tadakaluri
@nagatraju
¬∑
Jan 2, 2016",Fed #willingness to consider rate hike squashes stock rally - NEW YORK : Bond yields rose and the stock market gave up an early...  #Hike,,,,,[],https://twitter.com/nagatraju/status/683432094043770880
Deann Tretter,@lyndseydiny,2016-01-02T23:37:38.000Z,"Deann Tretter
@lyndseydiny
¬∑
Jan 2, 2016","Experts predict that by putting a little more into the stock market, savers could take home an extra ¬£1,345 in interest income every year.",,,,,[],https://twitter.com/lyndseydiny/status/683431989895131136
FX Renew,@FXRenew,2016-01-02T23:37:34.000Z,"FX Renew
@FXRenew
¬∑
Jan 2, 2016",Stock Index Weekly Market Type Analysis 3 Jan 2016 - SpoonFed Investor http://buff.ly/1ODBFfo,,,,,[],https://twitter.com/FXRenew/status/683431973440909318
Toni Butarbutar,@butarbutartoni,2016-01-02T23:37:23.000Z,"Toni Butarbutar
@butarbutartoni
¬∑
Jan 2, 2016",Mapped: the world's cheapest stock markets to buy for 2016. http://telegraph.co.uk/finance/personalfinance/investing/12074159/Mapped-the-worlds-cheapest-stock-markets-to-buy-for-2016.html‚Ä¶,,,,,[],https://twitter.com/butarbutartoni/status/683431928649760768
Sam Eder,@sameder111,2016-01-02T23:37:23.000Z,"Sam Eder
@sameder111
¬∑
Jan 2, 2016",Stock Index Weekly Market Type Analysis 3 Jan 2016 - SpoonFed Investor http://buff.ly/1ODBFMr,,,1,,[],https://twitter.com/sameder111/status/683431927852961792
SpoonFed Investor,@SpoonFedInvest,2016-01-02T23:37:17.000Z,"SpoonFed Investor
@SpoonFedInvest
¬∑
Jan 2, 2016",Stock Index Weekly Market Type Analysis 3 Jan 2016 - SpoonFed Investor http://buff.ly/1ODBFw1,,,,,[],https://twitter.com/SpoonFedInvest/status/683431900451618816
StockMarketTips,@101StockMarket,2016-01-02T23:35:04.000Z,"StockMarketTips
@101StockMarket
¬∑
Jan 2, 2016",What Everyone Needs To Know About The Stock Market - http://bit.ly/UNmkis,,,,,[],https://twitter.com/101StockMarket/status/683431344177721344
Jeremy Thomas,@Jeremy_Thomas32,2016-01-02T23:32:52.000Z,"Jeremy Thomas
@Jeremy_Thomas32
¬∑
Jan 2, 2016",Like the stock market?,,,,,['https://pbs.twimg.com/profile_images/1561884752604499968/jv9y2B8D_normal.jpg'],https://twitter.com/Jeremy_Thomas32/status/683430788784762880
Rupert Bumfrey,@rupertbu,2016-01-02T23:28:39.000Z,"Rupert Bumfrey
@rupertbu
¬∑
Jan 2, 2016",UAE brokerage firms hit by a thinning stock market volumes | The National http://bit.ly/1kB6ROs,üíô üñ§ ü§é üíö üíú,,,,[],https://twitter.com/rupertbu/status/683429728384974848
Business News,@BusinessNewzzz,2016-01-02T23:16:11.000Z,"Business News
@BusinessNewzzz
¬∑
Jan 2, 2016",Top stock pick for 2016 = #europe #news #market #business http://j.mp/1P0q5VV,,,1,,['https://pbs.twimg.com/media/CXwE21HU0AEAYUB?format=jpg&name=900x900'],https://twitter.com/BusinessNewzzz/status/683426591343546372
Investment Tools,@investment_tool,2016-01-02T23:13:36.000Z,"Investment Tools
@investment_tool
¬∑
Jan 2, 2016","American Stock Investor: The ultimate stock market investing course, a comprehensive stock market investing‚Ä¶ http://dlvr.it/D9KGhd",,,,,[],https://twitter.com/investment_tool/status/683425940945305600
Economics view,@Economicsview,2016-01-02T23:13:34.000Z,"Economics view
@Economicsview
¬∑
Jan 2, 2016",Soft economy could dampen stock market in 2016 - http://azcentral.com http://dlvr.it/D9KLy6,,,,,[],https://twitter.com/Economicsview/status/683425934968487937
EIN Presswire: Electric Cars Newswire,@EINElectricCars,2016-01-02T23:10:35.000Z,"EIN Presswire: Electric Cars Newswire
@EINElectricCars
¬∑
Jan 2, 2016",Stock market tips for 2016: How the Mail's share picks for 2015 performed and some punts for this year http://s.einnews.com/MnasrGIKcz,,,,,[],https://twitter.com/EINElectricCars/status/683425183089164288
EIN Presswire: Glaxo Newswire,@EINGlaxoNews,2016-01-02T23:10:27.000Z,"EIN Presswire: Glaxo Newswire
@EINGlaxoNews
¬∑
Jan 2, 2016",Stock market tips for 2016: How the Mail's share picks for 2015 performed and some punts for this year http://s.einnews.com/MnasrGIKcz,,,,,[],https://twitter.com/EINGlaxoNews/status/683425147043364868
Team Building,@PennySchlembach,2016-01-02T23:10:10.000Z,"Team Building
@PennySchlembach
¬∑
Jan 2, 2016","American Stock Investor: The ultimate stock market investing course, a comprehensive stock market investing‚Ä¶ http://dlvr.it/D9KMhb",,,,,[],https://twitter.com/PennySchlembach/status/683425075207393280
Edwards-Investments,@Edward_invest,2016-01-02T23:09:06.000Z,"Edwards-Investments
@Edward_invest
¬∑
Jan 2, 2016",Arab market capitalisation slips: A trader follows stock market activity at the Kuwait Stock Exchange. The Mid... http://bit.ly/1mr7z2C,,,,,[],https://twitter.com/Edward_invest/status/683424808684527616
Bradley Arcuri,@bradleyarcuri,2016-01-02T23:05:45.000Z,"Bradley Arcuri
@bradleyarcuri
¬∑
Jan 2, 2016","RT https://twitter.com/Fabwealth/status/683422872510017536‚Ä¶ Investor News, Stock Market News, Financial News, Business News, Money and Investing. http://dld.bz/d4g8h",,,,,[],https://twitter.com/bradleyarcuri/status/683423967009488896
USA News,@mynewsusa,2016-01-02T23:02:09.000Z,"USA News
@mynewsusa
¬∑
Jan 2, 2016","Israeli tech M&A at near-decade high, stock market listings fall - 

(adsbygo ...
http://news.jobhere.org/2016/01/02/israeli-tech-ma-at-near-decade-high-stock-market-listings-fall/‚Ä¶
#AerospaceDefense",,,,,[],https://twitter.com/mynewsusa/status/683423061387939841
Stock Market,@Stock_Market_EU,2016-01-02T23:01:01.000Z,"Stock Market
@Stock_Market_EU
¬∑
Jan 2, 2016",New High Profit Expert Advisor http://sockciety.com/uncategorized/new-high-profit-expert-advisor-3/‚Ä¶,,,,,['https://pbs.twimg.com/media/CXwBZHTVAAAj8Xa?format=jpg&name=360x360'],https://twitter.com/Stock_Market_EU/status/683422775541825536
DataGroup,@DataGroup_Org,2016-01-02T22:42:29.000Z,"DataGroup
@DataGroup_Org
¬∑
Jan 2, 2016",#Hardwood #Dimension #Stock #Furniture #Parts #Dimension #Vehicle #Stock : clear market. http://dg-di.co/DG/WMR/P24262_M.htm‚Ä¶ #MRX #Forecast,,,,,[],https://twitter.com/DataGroup_Org/status/683418108980236288
USA DEALS,@BT_J4_MP,2016-01-02T22:38:27.000Z,"USA DEALS
@BT_J4_MP
¬∑
Jan 2, 2016",Read This Book http://ift.tt/1PRXDuV #4904 Beat The Stock Market - Subscribe To Solid Weekly Investment Ideas,,,,,['https://pbs.twimg.com/media/CXv8OlxWsAEJQwV?format=jpg&name=240x240'],https://twitter.com/BT_J4_MP/status/683417096202620928
nasdaqfan,@nasdaqfan,2016-01-02T22:37:34.000Z,"nasdaqfan
@nasdaqfan
¬∑
Jan 2, 2016","EEM iShares MSCI Emerging Markets Message Board Posts
http://dlvr.it/D9K4Pr

$EEM $ENSG $ILF $JBLU #EEM #stock #pennystocks",,,,,[],https://twitter.com/nasdaqfan/status/683416872792883200
DennyT,@DennyT14,2016-01-02T22:37:02.000Z,"DennyT
@DennyT14
¬∑
Jan 2, 2016","ECA.TO EnCana Corp. Market Cap
http://dlvr.it/D9K5Zb

$ECA.TO $ECA.TO $GDXJ $RCMT #ECA.TO #stock #nasdaq",,,,,[],https://twitter.com/DennyT14/status/683416740974362624
RealTimeNews,@Immediate71,2016-01-02T22:36:54.000Z,"RealTimeNews
@Immediate71
¬∑
Jan 2, 2016","#news #latest Soft economy could dampen stock market in 2016: Investment advisers are split over the outlook for 2016, espec... ‚Ä¶",,,,,[],https://twitter.com/Immediate71/status/683416703699709954
Andrei,@BostonDrei,2016-01-02T22:36:00.000Z,"Andrei
@BostonDrei
¬∑
Jan 2, 2016",Kandi coming at #2 worldwide after Tesla. $kndi will be the stock of the year in 2016. Only $500 million market cap.,,,,1,"['https://pbs.twimg.com/profile_images/460140225918824449/GJEfH6fD_normal.jpeg', 'https://pbs.twimg.com/media/CXuia1gWcAQE9X5?format=png&name=900x900']",https://twitter.com/BostonDrei/status/683416479639941120
AsItHappens,@AsItHappens71,2016-01-02T22:35:57.000Z,"AsItHappens
@AsItHappens71
¬∑
Jan 2, 2016","#news #latest Soft economy could dampen stock market in 2016: Investment advisers are split over the outlook for 2016, espec... ‚Ä¶",,,,,[],https://twitter.com/AsItHappens71/status/683416465568051201
updates,@ti_updates,2016-01-02T22:35:14.000Z,"updates
@ti_updates
¬∑
Jan 2, 2016","#news #latest Soft economy could dampen stock market in 2016: Investment advisers are split over the outlook for 2016, espec... ‚Ä¶",,,,,[],https://twitter.com/ti_updates/status/683416287897333760
"""Samuli Gl√∂ersen""",@SamuliGloersen,2016-01-02T22:24:35.000Z,"""Samuli Gl√∂ersen""
@SamuliGloersen
¬∑
Jan 2, 2016",American stock market is booming. And they don't even know it.,,,,,"['https://pbs.twimg.com/profile_images/1389003656826085379/HYTyKS26_normal.jpg', 'https://pbs.twimg.com/media/CXqpY6GUsAE7O94?format=png&name=medium']",https://twitter.com/SamuliGloersen/status/683413605086281728
Politica Economy,@PoliticaEconomy,2016-01-02T22:24:06.000Z,"Politica Economy
@PoliticaEconomy
¬∑
Jan 2, 2016",Soft economy could dampen stock market in 2016 - http://azcentral.com http://dlvr.it/D9Jr2V,,,,,[],https://twitter.com/PoliticaEconomy/status/683413482859970560
Trend Intelligence,@Ed_Sadowski,2016-01-02T22:23:46.000Z,"Trend Intelligence
@Ed_Sadowski
¬∑
Jan 2, 2016","Soft economy could dampen stock market in 2016  #StockMarket  #MarketOutlook  http://azc.cc/1OAwTsR via 
@azcentral",,,,1,[],https://twitter.com/Ed_Sadowski/status/683413399720468480
Lourdes Hundert,@saganleigh,2016-01-02T22:23:04.000Z,"Lourdes Hundert
@saganleigh
¬∑
Jan 2, 2016",Stocks that moved substantially or traded heavily Thursday on the New York Stock Exchange and the Nasdaq stock market: NYSE Hyatt Hotels,,,1,,[],https://twitter.com/saganleigh/status/683413223748448256
Apple agent,@apple_agent,2016-01-02T22:22:06.000Z,"Apple agent
@apple_agent
¬∑
Jan 2, 2016",The State Of Apple (AAPL): 2015 Doji Candlestick Says It All - See It Market (blog) #it http://dragplus.com/post/id/33135999‚Ä¶,,,,,[],https://twitter.com/apple_agent/status/683412979795279874
iGamerai,@iGamerai,2016-01-02T22:22:02.000Z,"iGamerai
@iGamerai
¬∑
Jan 2, 2016",I wonder how it was like in Vietnam when it decided to import stock market mechanism. Myanmar has stock market starting this year.,,,,,[],https://twitter.com/iGamerai/status/683412964402057216
Brian Urbancic,@SciGroupie,2016-01-02T22:20:43.000Z,"Brian Urbancic
@SciGroupie
¬∑
Jan 2, 2016","Replying to 
@jennysplitter",,,,1,[],https://twitter.com/SciGroupie/status/683412631957442560
News Pakistan,@LolNewsPk,2016-01-02T22:19:10.000Z,"News Pakistan
@LolNewsPk
¬∑
Jan 2, 2016","Weekly review: Market posts recovery, gains 728 points during the week http://tribune.com.pk/story/1020946/weekly-review-market-posts-recovery-gains-728-points-during-the-week/‚Ä¶

KARACHI: 

The stock market welcomed the n‚Ä¶",,,,,[],https://twitter.com/LolNewsPk/status/683412242537279489
Tech News daily,@TechNewsdaily36,2016-01-02T22:18:06.000Z,"Tech News daily
@TechNewsdaily36
¬∑
Jan 2, 2016",Soft economy could dampen stock market in 2016 - http://azcentral.com http://dlvr.it/D9Jm1s,,,,,[],https://twitter.com/TechNewsdaily36/status/683411976270159872
Nelson!,@uproarcapital,2016-01-02T22:18:02.000Z,"Nelson!
@uproarcapital
¬∑
Jan 2, 2016","Nice article on Hudson Bay, one of my picks on 2015's stock market contest. Still hold and like it. http://seekingalpha.com/article/3727466-hudsons-bay-proven-real-estate-value-plus-solid-retail-operations-trading-at-50-percent-of-nav‚Ä¶",,,,,[],https://twitter.com/uproarcapital/status/683411956955389952
Business News,@BusinessNewzzz,2016-01-02T22:03:14.000Z,"Business News
@BusinessNewzzz
¬∑
Jan 2, 2016",Foreign-focused stock funds post 2nd week of big outflows - ici #news #market #business http://j.mp/1kvoQpu,,,,,['https://pbs.twimg.com/media/CXv0KkFVAAU8z8a?format=png&name=medium'],https://twitter.com/BusinessNewzzz/status/683408233294381056
Wright Law Offices,@AZBankruptcyPro,2016-01-02T22:01:26.000Z,"Wright Law Offices
@AZBankruptcyPro
¬∑
Jan 2, 2016",#Business Soft economy could dampen stock market in 2016 - The economy has added a net new 2.6 million jobs ove... http://ow.ly/39Ek0J,,,,1,[],https://twitter.com/AZBankruptcyPro/status/683407781295177729
xinco,@xinco,2016-01-02T22:00:39.000Z,"xinco
@xinco
¬∑
Jan 2, 2016",Soft economy could dampen stock market in 2016: The economy has added a net new 2.6 million jobs over the past... http://bit.ly/1Vxjkjw,,,,,[],https://twitter.com/xinco/status/683407583332319232
SWI-Investments,@swi_investments,2016-01-02T21:58:54.000Z,"SWI-Investments
@swi_investments
¬∑
Jan 2, 2016",Don't Understand The Stock Market? These Tips Can Help! #investing http://wp.me/p6r3LW-8t,,,,1,['https://pbs.twimg.com/media/CXvyTEgWAAA-xok?format=jpg&name=360x360'],https://twitter.com/swi_investments/status/683407142339108864
Victor,@highranksquad,2016-01-02T21:58:00.000Z,"Victor
@highranksquad
¬∑
Jan 2, 2016",Stock markets: the Guardian's tips for 2016 - The Guardian http://goo.gl/fb/5zxyMY,,,,,[],https://twitter.com/highranksquad/status/683406916798791680
Sharon Peters,@TheBikerBabe,2016-01-02T21:55:13.000Z,"Sharon Peters
@TheBikerBabe
¬∑
Jan 2, 2016","RT https://twitter.com/H_D_news/status/683404198940024832‚Ä¶ http://bizbiz.mobi/d78 Stock Market Today: Stocks Are Sliding on Earnings, Sales Misses ... ‚Ä¶",,,3,,['https://pbs.twimg.com/profile_images/467227271141416960/ELDeh35y_normal.jpeg'],https://twitter.com/TheBikerBabe/status/683406216161300480
Investment Site,@InvestmentSite1,2016-01-02T21:55:04.000Z,"Investment Site
@InvestmentSite1
¬∑
Jan 2, 2016",Don't Understand The Stock Market? These Tips Can Help! #investing http://wp.me/p6r3LW-8t,,,,,['https://pbs.twimg.com/media/CXvyTEgWAAA-xok?format=jpg&name=360x360'],https://twitter.com/InvestmentSite1/status/683406178035085312
Alexandra,@dnmashup,2016-01-02T21:54:33.000Z,"Alexandra
@dnmashup
¬∑
Jan 2, 2016",Soft economy could dampen stock market in 2016 - http://azcentral.com http://dlvr.it/D9JR4S #news #domaining #domain,,,,,[],https://twitter.com/dnmashup/status/683406045662728192
Stock Investing,@101stockmaster,2016-01-02T21:45:04.000Z,"Stock Investing
@101stockmaster
¬∑
Jan 2, 2016",#stock - Check Out These Fantastic Stock Market Tips! - http://online-stock-trading-investing.com/check-out-these-fantastic-stock-market-tips-6/‚Ä¶,,,3,1,[],https://twitter.com/101stockmaster/status/683403661955878912
Trading & Investing,@101tradeinvest,2016-01-02T21:45:03.000Z,"Trading & Investing
@101tradeinvest
¬∑
Jan 2, 2016",#investing - Stock Market Tips For Success In Any Economy - http://online-stock-trading-investing.com/stock-market-tips-for-success-in-any-economy-3/‚Ä¶,,,,,[],https://twitter.com/101tradeinvest/status/683403658248105985
PureData,@PureData_Report,2016-01-02T21:45:01.000Z,"PureData
@PureData_Report
¬∑
Jan 2, 2016",#Shingles #Shakes #Cooperage #Stock #Excelsior : tenuous Jan 2016 market. http://dg-di.net/DG/WMR/P24290_M.htm‚Ä¶ #MarketResearch #Statistics,,,,,[],https://twitter.com/PureData_Report/status/683403646604849152
Daniel Brenner,@powder56,2016-01-02T21:44:55.000Z,"Daniel Brenner
@powder56
¬∑
Jan 2, 2016","Replying to 
@realDonaldTrump",,,,,[],https://twitter.com/powder56/status/683403623762624512
PriceDynamicsLtd,@Price_Dynamics,2016-01-02T21:41:52.000Z,"PriceDynamicsLtd
@Price_Dynamics
¬∑
Jan 2, 2016",Experts take stock of 2016 market http://theaustralian.com.au/business/markets/place-your-bets-experts-stockmarket-tips-for-2016/news-story/a4518366755b30a98629a4d0ef7e300d‚Ä¶,,,,,[],https://twitter.com/Price_Dynamics/status/683402854758019072
SAS Ltd,@SinclairASLtd,2016-01-02T21:41:10.000Z,"SAS Ltd
@SinclairASLtd
¬∑
Jan 2, 2016","Soft economy could dampen stock market in 2016: Investment advisers are split over the outlook for 2016, espec... http://bit.ly/1YX9Tzx",,,,,[],https://twitter.com/SinclairASLtd/status/683402680719380484
clayton,@clayton_dd,2016-01-02T21:41:05.000Z,"clayton
@clayton_dd
¬∑
Jan 2, 2016","ITOT iShares Core S&P Total US Stock Market ETF Ideas
http://dlvr.it/D9JKzc

$ITOT $KR $RSP $RSX #ITOT #pennystocks #finance",,,,,[],https://twitter.com/clayton_dd/status/683402657638137856
T. Fisher King,@T_FisherKing,2016-01-02T21:38:44.000Z,"T. Fisher King
@T_FisherKing
¬∑
Jan 2, 2016","@rodsandguitars 
@jjauthor
 @SteveForbesCEO
 150bill in big bank fines, stock market recovered and thriving, wall street reform,",üòâ,,,,[],https://twitter.com/T_FisherKing/status/683402065909911553
Au Lac,@AuLacViet,2016-01-02T21:36:57.000Z,"Au Lac
@AuLacViet
¬∑
Jan 2, 2016",These 6 compelling charts make the case for a stock market correction in 2016 http://goo.gl/fb/XCfRnB,,,,,[],https://twitter.com/AuLacViet/status/683401616893046784
Syama Mishra,@SyamaMishra,2016-01-02T21:36:52.000Z,"Syama Mishra
@SyamaMishra
¬∑
Jan 2, 2016",TIL People bulk buy/sell Steam trading cards - just like a mini stock market.,,1,,2,[],https://twitter.com/SyamaMishra/status/683401597393620992
StockMarketTips,@101StockMarket,2016-01-02T21:35:05.000Z,"StockMarketTips
@101StockMarket
¬∑
Jan 2, 2016",Try These Ideas For More Successful Stock Market Returns - http://bit.ly/1vrseCs,,,,,[],https://twitter.com/101StockMarket/status/683401150083633152
FinRaces,@FinRaces,2016-01-02T21:35:05.000Z,"FinRaces
@FinRaces
¬∑
Jan 2, 2016","Try These Ideas For More Successful Stock Market Returns - http://buff.ly/1ODlRtg  via 
@Investments_Tip
 #investment #gold #Stock ...",,,,,[],https://twitter.com/FinRaces/status/683401146740936705
meta,@metanoik,2016-01-02T21:33:32.000Z,"meta
@metanoik
¬∑
Jan 2, 2016",Soft economy could dampen stock market in 2016 - http://azcentral.com http://dlvr.it/D9JMGC #economy,,,,,[],https://twitter.com/metanoik/status/683400759895965696
